ID,marital_status,Nacionality,Application_mode,Course,Previous_qualification,Mother_qualification,Father_qualification
0,1,1,8,2,1,13,10
1,1,1,6,11,1,1,3
2,1,1,1,5,1,22,27
3,1,1,8,15,1,23,27
4,2,1,12,3,1,22,28
5,2,1,12,17,12,22,27
6,1,1,1,12,1,13,28
7,1,1,9,11,1,22,27
8,1,15,1,10,1,1,1
9,1,1,1,10,1,1,14
10,1,1,1,14,1,23,14
11,1,1,1,12,1,13,28
12,1,1,1,16,1,13,27
13,1,1,17,11,16,1,1
14,1,1,1,6,1,23,27
15,1,1,1,15,1,13,27
17,1,1,8,12,1,13,1
18,1,1,1,8,1,3,14
20,1,1,1,2,1,1,1
22,1,1,1,12,1,13,14
23,1,1,1,14,1,1,28
24,1,1,1,12,1,13,14
26,1,1,8,10,1,13,28
28,1,1,1,9,1,13,1
31,1,1,16,5,1,27,3
33,1,1,9,3,1,13,1
34,1,1,1,17,1,2,27
35,1,1,12,1,1,23,27
36,1,1,12,7,8,19,27
37,1,1,14,9,1,22,27
38,4,1,12,17,1,13,14
39,1,3,15,8,14,4,4
40,1,1,1,15,1,3,3
41,1,1,1,9,1,3,14
42,1,1,1,12,1,1,3
43,1,1,8,15,1,1,28
44,1,1,12,17,1,22,27
46,1,1,8,10,1,13,14
47,1,1,8,12,1,22,14
48,1,1,15,3,14,1,14
49,1,1,1,10,1,22,28
50,1,1,12,11,1,13,28
53,1,1,1,8,1,22,27
54,1,1,12,17,1,23,28
55,1,1,1,12,1,1,14
56,2,1,4,11,3,1,3
57,1,1,12,8,15,3,3
58,1,1,8,12,1,23,28
60,1,1,1,12,1,13,14
61,1,1,15,10,14,13,1
65,4,1,13,12,12,1,1
66,1,1,1,2,1,13,14
67,1,1,15,4,14,13,27
68,1,1,1,9,1,1,28
71,1,1,8,12,1,22,14
72,1,1,1,2,1,13,14
73,1,1,8,11,1,23,27
74,1,1,1,15,1,23,28
75,1,1,8,9,1,13,14
76,1,1,9,11,1,13,27
77,1,1,8,15,1,1,14
78,1,1,8,12,1,23,27
79,2,1,12,3,1,22,27
80,1,1,1,16,1,13,14
81,1,1,12,17,2,3,3
82,1,1,12,4,4,3,3
84,2,1,12,3,1,22,27
85,1,1,13,12,1,22,28
86,1,1,12,14,1,1,14
87,1,1,8,5,1,13,28
90,1,1,12,12,1,1,1
91,1,14,8,15,1,13,1
92,1,14,6,8,1,1,1
93,2,1,12,16,8,22,24
94,2,1,12,3,1,22,14
96,1,1,1,15,1,22,1
97,1,1,1,12,1,22,27
99,1,1,1,12,1,3,3
100,1,1,17,6,16,23,28
101,1,1,1,2,1,1,1
102,2,1,12,3,1,22,27
103,4,1,12,4,9,22,27
104,1,1,9,16,1,13,14
105,1,1,16,5,1,3,1
106,1,1,1,10,1,22,28
107,1,1,1,6,1,1,1
108,1,1,1,12,1,3,4
110,1,1,1,10,1,22,27
112,1,1,1,6,1,13,14
113,1,1,1,15,1,1,28
114,1,1,8,12,1,22,27
118,1,1,1,6,1,22,28
119,1,1,1,9,1,2,14
120,1,1,8,11,1,1,1
121,1,1,1,9,1,13,14
122,1,1,1,2,1,3,14
123,1,1,1,14,1,23,28
124,1,1,1,6,1,13,28
125,1,1,8,13,1,1,1
126,1,1,15,6,14,22,27
128,1,1,8,10,1,1,29
129,1,1,8,12,1,1,27
130,1,1,1,12,1,13,14
131,1,1,8,5,1,22,27
132,1,1,1,9,1,1,14
133,1,1,8,12,1,1,14
134,1,1,14,10,1,23,27
135,1,1,1,14,1,1,28
136,1,1,8,14,1,13,14
137,1,1,1,15,1,1,1
139,1,1,9,12,1,13,1
140,1,1,1,12,1,22,27
141,1,1,1,15,1,13,1
143,1,1,1,10,1,1,10
144,1,1,1,12,1,13,14
145,1,1,8,16,1,22,28
146,1,1,1,11,1,10,14
147,1,1,8,11,1,1,27
148,1,1,1,9,1,3,14
149,1,1,1,12,1,1,14
151,1,1,1,6,1,1,28
153,1,1,1,16,1,22,27
154,1,1,14,16,1,3,27
155,1,1,1,16,1,23,27
156,1,1,1,9,1,23,28
157,1,1,8,10,1,1,27
158,1,1,1,10,1,13,1
159,1,1,12,3,1,1,14
160,1,1,1,14,1,13,1
161,1,1,1,12,1,13,27
162,1,1,1,12,1,13,14
163,1,1,8,16,1,10,10
164,1,1,8,14,1,1,14
165,1,1,8,15,1,13,27
167,1,1,8,10,1,13,14
168,1,1,12,12,3,2,2
169,1,1,14,10,1,13,14
171,1,1,8,13,1,22,27
172,1,1,8,12,1,2,28
173,1,1,13,3,1,13,2
174,1,1,8,11,1,22,27
176,1,1,12,16,1,22,14
177,1,1,1,12,1,19,24
178,1,1,1,16,1,22,14
179,1,1,4,12,3,1,1
180,1,1,14,16,1,3,1
182,1,1,12,15,12,13,14
183,1,1,9,5,1,1,27
184,1,1,8,11,1,1,14
185,1,1,9,9,1,3,3
187,1,1,8,12,1,23,1
188,1,1,12,6,1,1,14
189,1,1,8,5,1,1,3
190,1,1,1,11,1,13,28
192,1,1,12,9,1,10,3
193,1,1,16,16,1,1,1
194,1,1,1,12,1,23,28
195,1,1,12,17,15,13,1
196,1,1,9,12,1,22,27
197,1,1,4,7,3,3,2
198,1,1,1,16,1,13,14
200,1,1,1,6,1,1,1
201,1,1,1,10,1,13,14
202,1,1,1,12,1,13,14
203,1,1,15,10,14,23,28
204,1,1,8,10,1,13,27
205,1,1,1,10,1,19,24
206,1,1,1,12,1,13,28
207,1,1,1,15,1,3,14
208,1,1,1,6,1,13,1
209,1,1,12,11,12,3,14
210,1,1,1,12,1,23,1
211,1,1,1,12,1,22,27
212,1,1,14,8,1,1,3
213,1,1,12,17,1,22,27
214,1,1,14,15,1,1,1
216,1,1,9,9,1,13,3
217,1,1,12,3,1,13,27
218,1,1,12,3,1,1,14
219,1,1,8,6,1,13,27
220,1,1,1,9,1,23,28
221,2,1,1,16,1,22,27
222,1,1,1,11,1,1,1
223,1,1,16,12,1,13,1
224,1,1,9,12,1,1,28
225,2,1,4,17,17,25,5
226,2,1,4,9,3,1,4
227,1,1,1,10,1,1,1
228,1,1,12,14,1,19,24
229,1,1,14,12,1,1,1
230,1,1,1,11,1,1,27
231,1,1,12,11,3,13,14
232,1,1,1,14,1,1,3
233,1,1,1,11,1,1,27
234,1,1,1,9,1,22,1
235,1,1,1,10,1,23,27
236,1,1,1,16,1,13,14
237,1,1,8,10,1,22,27
238,1,1,1,8,1,13,1
239,1,1,12,6,12,13,14
242,1,1,1,9,1,22,14
243,1,1,12,9,1,22,1
244,1,1,1,9,1,23,14
245,1,1,4,12,3,13,28
246,1,1,8,12,1,13,27
247,1,1,15,4,14,22,27
248,1,1,1,11,1,13,27
249,1,1,1,14,1,13,1
251,1,1,1,15,1,23,27
252,1,1,1,6,1,7,14
254,1,1,8,9,1,1,1
255,2,1,12,13,12,23,27
256,1,1,8,17,15,22,27
258,1,1,1,10,1,1,1
259,1,1,14,10,1,1,1
260,1,1,1,11,1,22,28
261,1,1,12,3,1,22,27
262,1,1,14,7,1,22,28
263,1,1,1,10,1,1,1
264,1,1,1,10,1,23,14
265,1,1,1,15,1,3,1
266,1,1,8,12,1,4,1
267,1,1,1,15,1,23,28
268,1,1,1,5,1,22,27
269,1,1,1,12,1,1,1
270,1,1,15,4,14,22,28
271,1,1,1,9,1,1,14
272,1,1,8,9,1,10,14
273,1,1,1,12,1,5,1
274,1,1,1,10,1,1,28
275,1,1,8,12,1,10,1
276,1,1,13,16,1,22,28
277,2,1,4,8,3,5,4
279,1,1,1,12,1,13,14
280,1,1,7,9,1,23,27
281,4,1,1,3,1,24,14
282,2,1,16,17,1,22,27
283,1,1,1,5,1,13,27
284,1,1,1,3,1,23,28
285,2,1,12,15,9,1,1
287,1,1,12,3,11,19,1
288,1,1,9,3,1,3,1
289,1,1,12,12,1,3,3
290,1,1,8,6,1,13,14
291,1,1,15,4,14,13,27
293,1,1,8,10,1,13,14
294,1,1,1,5,1,23,27
295,2,1,1,12,1,3,28
296,1,1,8,15,1,13,28
297,1,1,1,10,1,1,1
298,1,1,8,13,1,1,1
299,1,1,1,12,1,13,28
300,1,1,8,14,1,23,28
301,1,1,1,6,1,23,27
302,1,1,1,12,1,13,14
303,1,1,16,14,1,13,14
304,1,1,8,10,1,1,9
306,1,1,8,14,1,1,14
307,1,1,12,8,3,3,1
308,1,1,1,6,1,9,9
309,1,1,15,8,14,22,27
310,1,1,16,10,1,3,14
311,1,1,8,16,1,19,24
312,1,1,8,9,1,13,14
313,1,1,8,16,1,23,28
314,1,1,16,9,1,1,1
315,1,1,1,9,1,1,28
316,1,1,1,12,1,13,14
317,1,1,1,12,1,26,14
318,1,1,1,10,1,13,28
320,1,1,4,6,15,13,14
321,1,1,13,12,1,22,27
322,1,1,1,12,1,1,1
323,1,1,14,9,1,22,27
325,1,1,1,11,1,13,14
326,1,1,14,12,6,1,27
327,1,1,1,10,1,1,1
331,1,1,15,7,14,13,27
332,1,1,1,10,1,23,28
333,1,1,1,3,1,22,28
334,1,1,1,10,1,19,27
335,1,1,15,10,14,23,27
336,1,1,4,16,15,26,3
337,1,1,1,12,1,23,28
338,1,1,8,10,1,3,1
339,1,1,8,8,1,2,7
341,1,1,1,2,1,3,3
342,2,1,12,3,1,22,27
343,1,1,12,4,3,3,3
345,1,1,1,15,1,13,14
347,4,1,12,17,1,22,27
348,2,1,12,10,1,22,27
350,1,1,1,11,1,13,14
351,1,1,14,15,1,13,14
352,1,1,1,2,1,1,1
353,2,1,1,12,1,22,28
354,1,1,1,11,1,13,14
355,1,1,8,6,1,13,1
356,1,1,12,12,12,23,27
357,1,1,12,17,1,22,27
359,1,1,12,6,17,3,29
360,1,1,8,16,1,13,28
361,1,1,1,15,1,22,28
363,1,1,17,6,16,13,27
365,1,1,1,6,1,22,28
366,1,1,1,12,1,13,28
368,1,1,1,16,1,23,27
369,1,1,1,12,1,13,14
370,2,1,14,3,1,22,29
372,1,1,8,15,1,1,14
373,4,1,12,17,1,1,27
374,2,1,12,6,12,23,28
376,1,1,9,9,1,22,27
377,1,1,1,12,1,1,1
380,4,1,12,12,12,23,14
383,1,1,1,16,1,13,14
384,1,1,17,9,16,3,4
385,1,1,1,10,1,19,24
386,1,1,1,16,1,22,27
387,1,1,12,17,3,22,27
389,1,1,15,3,14,22,27
392,1,1,1,15,1,18,27
393,1,1,8,6,1,1,1
394,1,1,8,6,1,1,14
395,1,1,1,12,1,1,1
396,1,1,16,10,1,3,14
397,1,1,15,6,14,23,27
398,1,1,8,14,1,22,14
399,1,1,8,9,1,23,27
404,1,1,8,12,1,22,27
405,1,1,1,2,1,1,14
406,1,1,4,5,15,1,14
407,1,1,12,17,15,1,14
408,1,1,8,10,1,1,14
409,4,1,12,6,1,19,24
410,1,1,1,12,1,13,14
411,1,1,12,12,3,13,1
412,1,1,1,12,1,1,1
413,1,1,4,17,15,22,27
414,1,1,1,10,1,1,28
415,1,1,1,6,1,22,27
416,1,1,1,6,1,1,1
417,1,1,1,16,1,13,14
418,1,1,1,12,1,22,27
419,1,1,1,12,1,1,14
420,1,1,1,12,1,2,1
421,1,1,13,17,1,1,2
422,1,1,15,6,14,1,2
423,1,1,1,12,1,3,1
424,1,1,8,13,1,13,2
425,1,1,1,12,1,22,27
426,1,1,1,14,1,23,28
428,3,1,1,6,1,13,1
429,1,1,8,14,1,13,28
430,1,1,1,12,1,22,28
431,1,1,12,3,1,22,27
432,1,1,8,9,1,23,28
433,1,1,1,12,1,1,1
434,1,1,1,15,1,1,14
435,1,1,1,12,1,13,14
437,1,1,1,14,1,13,27
438,1,1,1,14,1,7,1
439,2,1,12,12,12,22,27
442,1,1,8,12,1,13,28
443,1,1,1,12,1,13,14
444,1,1,8,14,1,13,14
445,1,1,1,10,1,22,14
446,1,1,1,12,1,3,1
447,1,1,1,12,1,1,14
448,1,1,1,15,1,1,14
450,1,1,9,12,1,23,27
451,1,1,1,12,1,22,27
452,1,1,1,12,1,13,14
453,1,1,8,6,1,13,27
455,2,1,12,3,1,19,24
456,1,1,4,4,3,23,27
457,1,1,14,16,1,22,14
458,2,1,12,4,1,1,14
459,1,1,8,15,1,22,27
460,1,1,1,8,1,3,3
461,1,1,16,5,1,13,14
462,1,1,8,10,1,3,1
463,1,1,12,9,12,3,1
465,1,1,14,3,1,3,3
467,1,1,14,10,1,19,24
468,1,1,1,12,1,13,28
469,1,1,8,10,1,22,27
470,1,1,8,12,1,1,27
471,1,1,1,11,1,13,28
472,1,1,1,14,1,23,14
473,1,1,1,12,1,13,14
474,1,1,12,11,7,19,24
475,1,1,1,14,1,1,14
476,1,1,1,13,1,13,14
477,1,1,4,12,3,19,24
478,1,1,1,12,1,3,1
480,1,1,1,12,1,1,1
481,1,1,9,12,1,1,14
482,1,1,1,12,1,3,1
484,1,1,1,12,1,1,14
485,1,1,8,16,1,1,27
486,1,1,14,14,1,23,14
487,1,1,12,14,1,1,14
488,1,1,8,12,1,22,27
489,1,1,1,12,1,23,28
490,1,1,1,5,1,13,1
491,1,1,1,14,1,22,27
492,1,1,1,12,1,1,3
495,1,1,4,8,3,13,27
496,1,1,12,13,12,22,28
497,1,1,8,11,1,1,14
498,1,1,8,5,1,13,28
499,1,1,8,12,1,23,28
501,1,1,8,11,1,23,28
503,1,1,4,6,3,3,3
504,1,1,1,12,1,22,1
507,1,1,1,15,1,13,1
508,1,1,1,8,1,5,5
509,1,1,1,9,1,1,14
511,2,1,12,3,1,19,24
512,1,1,12,14,1,19,24
513,1,1,12,17,1,22,14
514,2,1,9,3,1,22,27
515,2,1,9,10,1,22,27
516,2,1,12,4,1,22,14
517,1,1,8,16,1,1,1
518,4,1,12,3,12,19,24
519,1,1,8,16,1,22,27
520,1,1,1,12,1,22,1
521,1,1,8,8,1,3,14
522,1,12,6,10,1,3,27
523,1,18,9,6,1,1,1
524,1,18,1,13,1,5,3
525,1,1,14,7,1,1,1
527,1,1,12,2,1,3,1
528,1,1,12,9,1,22,27
529,1,1,1,8,1,3,3
531,1,1,8,14,1,13,27
532,1,1,1,12,1,4,2
533,1,1,15,5,14,1,14
534,1,1,15,2,14,4,4
535,1,1,14,17,1,3,3
536,1,1,12,7,1,3,3
537,1,1,8,11,1,3,14
538,1,1,15,4,14,13,28
539,1,1,9,15,1,13,1
540,1,1,12,12,1,13,14
542,1,1,15,4,14,1,14
543,1,1,1,12,1,1,1
549,1,1,8,9,1,13,28
550,1,1,1,7,1,10,14
551,1,1,12,15,12,13,1
552,1,1,14,5,1,10,10
553,1,1,8,7,1,1,2
554,1,1,8,9,1,1,1
555,1,1,15,4,14,3,2
557,1,1,1,2,1,22,27
559,1,1,13,12,1,1,3
560,1,1,17,4,16,3,28
562,1,1,12,17,1,1,1
563,1,1,1,8,1,13,28
564,1,1,1,5,6,1,1
565,1,1,12,14,1,13,14
566,1,1,12,4,12,4,1
567,1,1,8,7,1,19,26
568,1,1,8,6,1,23,14
569,1,1,12,4,1,3,4
570,1,1,1,3,1,1,1
571,1,1,1,9,1,23,27
572,1,1,8,7,1,13,3
574,1,1,14,2,1,13,10
575,2,1,12,6,7,1,1
576,1,1,1,12,1,3,1
578,2,1,1,10,1,22,27
579,1,1,1,5,1,22,27
580,1,1,12,3,1,19,5
581,1,1,8,12,1,10,1
583,1,1,1,9,1,22,28
584,1,1,8,11,1,22,27
585,1,1,1,9,1,1,14
586,1,1,8,6,1,23,14
587,1,1,8,15,1,23,28
588,1,1,1,11,1,22,27
589,1,1,1,13,1,22,1
590,1,1,1,14,1,13,1
592,1,1,15,14,14,22,1
595,1,1,12,17,3,22,27
596,1,1,8,16,1,23,10
597,4,1,12,16,1,22,1
598,1,1,8,14,1,13,27
599,1,1,8,4,1,23,27
600,1,1,4,8,3,13,28
601,1,1,8,5,1,13,28
602,1,1,4,12,15,1,1
603,1,1,12,3,1,1,1
604,1,1,1,12,1,1,27
605,1,1,1,2,1,7,1
606,1,1,8,8,1,13,3
607,1,1,1,12,1,23,14
608,1,1,8,6,1,13,28
610,1,1,1,16,1,22,27
611,2,1,1,3,1,1,27
612,1,1,1,5,1,1,1
614,1,1,1,12,1,13,27
615,1,1,1,12,1,1,27
616,1,1,8,10,3,22,27
617,1,1,8,12,1,22,27
618,1,1,8,12,1,13,27
620,1,1,1,15,1,3,14
621,1,1,8,9,1,1,28
622,1,1,8,16,1,23,28
623,1,1,8,12,1,23,27
624,1,1,8,5,1,23,27
625,1,1,1,16,1,13,14
626,1,1,15,3,14,22,28
627,1,1,1,12,1,13,27
628,1,1,8,15,1,1,28
629,1,1,1,15,1,13,27
630,1,1,12,12,1,13,27
632,1,1,1,12,1,1,14
633,1,1,12,13,1,23,28
634,1,1,1,14,1,22,27
635,1,1,8,10,1,22,27
636,1,1,1,12,1,22,27
638,1,1,8,10,1,1,1
639,1,1,9,15,1,1,1
640,2,1,12,14,1,22,27
644,1,1,1,15,1,23,28
647,2,1,12,17,3,13,14
648,1,1,14,13,1,1,14
649,1,1,1,14,1,1,28
650,1,1,8,10,1,13,1
652,1,1,12,12,12,1,5
653,1,1,15,10,14,23,28
654,1,1,1,15,1,13,28
657,1,1,16,3,1,1,28
658,1,1,14,5,1,1,14
659,1,1,12,4,1,13,14
660,1,1,15,4,14,1,3
662,1,1,8,15,1,1,14
663,1,1,1,14,1,22,27
664,1,1,8,12,1,3,3
665,1,5,1,6,1,3,3
666,1,1,8,15,1,22,28
667,1,1,16,10,14,23,28
668,1,1,8,12,1,1,14
669,1,1,13,12,1,13,27
670,1,1,1,10,1,22,1
671,1,1,13,3,1,22,28
672,1,1,1,12,1,1,14
673,1,1,1,5,1,13,14
674,1,1,1,11,1,23,28
675,1,1,8,16,1,22,27
676,1,1,8,5,1,1,14
678,2,1,12,15,12,22,27
679,1,14,1,2,1,3,3
680,1,14,8,11,1,13,28
681,1,14,15,10,14,1,1
682,1,1,9,6,1,1,1
683,4,1,12,10,12,22,27
684,4,1,12,4,12,22,27
685,2,1,14,17,1,22,27
686,1,1,12,6,14,22,27
687,1,1,8,12,1,23,14
688,3,1,12,17,1,22,1
689,4,1,12,9,12,22,27
690,4,1,12,8,12,22,28
691,2,1,14,4,1,22,27
693,1,14,12,1,1,23,27
694,2,1,12,8,12,2,1
695,1,1,1,9,1,3,1
696,2,1,1,3,1,22,27
698,1,1,15,4,14,1,28
699,1,1,14,7,1,22,28
701,2,1,12,9,12,22,14
702,1,1,4,13,4,5,5
703,2,1,12,17,1,22,27
704,1,1,12,10,9,22,27
705,5,1,12,17,1,22,27
706,2,1,12,3,1,13,1
707,2,1,12,4,1,22,27
708,2,1,12,11,1,1,14
709,1,1,12,3,1,22,9
710,2,1,12,17,12,23,28
711,1,1,12,7,1,22,27
712,2,1,12,6,1,22,27
713,1,1,1,12,1,3,3
714,2,1,12,6,1,22,27
715,1,1,14,3,1,13,27
716,1,1,12,8,7,19,26
717,4,1,12,14,1,2,1
720,1,1,14,1,12,23,28
722,1,1,1,2,1,13,28
723,1,1,12,3,1,22,27
724,1,1,4,8,3,22,18
725,4,1,4,12,3,22,28
726,1,1,16,14,1,10,5
727,1,1,12,17,1,22,27
728,1,14,1,2,1,13,1
730,1,1,1,15,1,13,27
731,1,1,15,4,14,2,1
732,1,1,1,11,1,1,14
733,2,1,12,9,1,13,27
734,4,1,12,8,1,22,27
735,1,1,8,14,1,3,3
737,1,1,8,11,1,22,27
739,1,1,16,15,1,1,14
740,1,1,1,5,1,13,14
741,1,1,1,11,1,3,3
742,1,1,8,12,1,3,3
743,1,1,12,17,1,1,14
744,1,1,12,15,9,1,1
745,2,1,14,4,1,1,1
746,1,1,16,4,14,1,14
747,1,11,14,6,1,23,28
748,1,1,12,14,6,1,1
749,1,1,1,12,1,1,1
750,1,1,1,14,1,23,27
751,1,1,1,5,1,22,27
752,1,1,13,12,1,22,27
753,2,1,12,17,12,13,27
754,1,1,1,5,1,22,27
755,1,1,1,2,1,1,14
756,1,14,6,14,1,1,1
757,1,1,14,17,1,22,2
758,1,1,1,11,1,1,1
759,2,1,14,9,1,22,27
760,1,1,8,4,1,3,3
762,2,1,14,3,12,22,27
764,2,1,15,3,14,1,1
767,1,1,4,17,15,1,27
768,2,1,12,3,1,22,27
769,1,1,8,14,1,13,14
770,1,1,1,6,1,1,1
771,1,1,8,15,1,1,14
773,1,1,1,10,1,23,1
775,1,1,15,6,14,1,1
776,1,1,14,6,1,2,1
777,1,1,1,2,1,3,2
779,1,1,8,15,1,1,14
780,1,1,8,15,1,23,28
781,1,1,8,14,1,1,1
782,1,1,1,12,1,13,27
784,1,1,1,15,1,1,24
785,1,1,1,10,1,1,1
786,1,1,1,5,1,3,3
787,1,1,1,12,1,3,1
788,1,1,3,6,1,22,27
789,1,1,8,2,1,13,1
790,1,1,8,15,1,1,14
791,1,1,12,12,1,3,3
792,1,1,8,10,1,1,30
793,1,1,8,10,1,3,1
794,1,1,1,15,1,13,14
795,1,1,1,15,1,23,28
796,1,1,15,5,1,1,1
797,1,1,9,12,1,1,1
798,1,1,1,8,1,1,27
801,1,1,1,10,1,13,1
802,1,1,8,9,1,13,14
803,1,1,1,15,1,23,28
804,1,1,1,16,1,1,3
806,1,1,8,5,1,1,28
808,1,1,1,15,1,1,3
810,1,1,1,10,1,1,1
811,1,1,8,16,1,13,28
812,1,1,8,12,1,13,28
813,1,1,1,12,1,3,4
814,1,1,1,16,1,13,3
817,1,1,7,5,1,1,1
819,1,1,1,3,1,19,27
820,1,1,1,9,1,13,14
821,1,1,1,2,1,10,14
823,1,1,1,10,1,13,14
824,1,1,9,15,1,1,1
825,1,1,8,14,1,1,3
826,1,1,8,16,1,1,1
827,1,1,1,5,1,1,3
828,1,1,1,12,1,13,14
829,1,1,14,14,1,3,14
830,1,1,8,11,1,24,3
831,1,1,12,10,7,19,24
833,2,1,12,8,1,22,27
834,2,1,12,7,1,22,27
836,1,1,8,7,1,3,3
838,1,1,15,8,14,3,1
839,1,1,1,9,1,23,1
840,1,14,1,9,1,3,3
842,1,1,12,8,1,3,24
843,1,1,1,12,1,22,28
844,1,1,1,10,1,23,24
845,1,1,1,2,1,22,27
846,2,1,12,17,1,1,1
847,1,1,8,9,1,13,14
849,1,1,8,12,1,1,14
850,1,1,1,12,1,3,3
852,1,1,1,10,1,13,14
853,2,1,12,12,1,1,14
855,1,1,1,15,1,1,29
856,1,1,1,10,1,1,14
857,1,1,12,4,9,22,1
858,1,1,3,7,1,13,27
859,1,1,1,15,1,19,28
860,1,1,9,7,1,1,2
861,1,1,12,9,9,13,28
862,1,1,15,5,14,1,14
863,1,1,12,14,1,23,14
864,1,1,15,6,14,1,1
865,1,1,1,12,1,1,1
866,1,1,12,7,3,1,28
867,1,1,12,7,12,22,28
868,1,1,9,11,1,13,14
869,1,1,1,2,1,13,1
870,1,1,1,11,1,1,1
871,2,1,12,7,1,19,24
872,1,1,13,17,1,13,14
874,1,1,1,4,1,1,14
875,1,1,1,12,1,23,28
876,1,1,8,5,1,23,14
877,1,1,12,13,1,13,14
878,1,1,1,14,1,13,14
879,1,1,15,5,14,13,1
880,1,1,8,5,1,23,28
881,1,1,1,2,1,3,2
882,1,1,12,4,1,13,27
883,1,1,12,4,1,22,27
884,1,1,7,12,1,2,28
885,1,1,13,15,6,19,24
886,1,1,7,15,1,23,12
887,1,1,14,10,1,22,27
888,1,1,1,12,1,13,14
889,1,1,1,15,1,23,28
890,1,1,1,15,1,1,14
891,1,1,12,2,1,22,28
892,1,1,14,12,1,22,27
893,1,1,4,3,3,22,10
894,1,1,13,6,14,1,1
895,2,1,15,17,14,1,27
896,1,1,8,15,1,22,27
897,1,1,14,5,14,13,27
899,1,1,8,14,1,13,14
900,1,1,8,9,1,13,14
901,1,1,14,10,1,23,28
902,1,1,4,12,3,22,28
903,1,1,1,12,1,22,1
904,1,1,1,9,1,13,14
905,1,1,1,12,1,1,1
906,1,1,1,14,1,1,1
907,1,1,8,10,1,13,28
909,1,1,1,2,1,23,14
910,1,1,1,16,1,22,27
911,1,1,1,6,1,13,1
912,2,1,12,17,1,22,27
913,4,1,12,3,1,22,27
914,1,1,12,12,1,22,27
915,1,12,6,15,1,13,14
916,2,1,12,17,1,19,24
917,2,1,12,3,7,22,27
918,2,1,15,4,14,22,28
919,6,1,12,3,1,22,1
920,4,1,12,3,12,22,27
921,1,1,12,3,1,22,27
922,1,1,8,10,1,1,3
923,1,1,12,12,12,22,27
925,1,1,12,12,1,22,27
926,1,1,4,6,3,13,15
929,1,1,1,10,1,13,27
931,1,1,1,16,1,13,28
932,2,1,4,14,3,22,27
933,2,1,12,9,1,22,27
935,1,1,1,2,1,1,1
936,1,1,12,12,12,23,28
939,4,1,12,3,12,22,27
940,1,1,1,15,1,13,14
941,1,1,1,10,1,22,14
943,1,1,4,6,3,1,14
944,1,1,7,13,1,22,27
945,1,1,8,11,1,22,27
946,1,1,1,9,1,3,14
947,1,1,8,15,1,3,5
948,2,1,14,14,1,19,24
949,1,1,12,9,1,22,3
950,1,1,12,17,1,22,27
951,2,1,12,17,1,22,27
952,1,1,15,4,14,1,14
953,1,1,9,12,1,13,1
954,1,1,13,7,1,3,1
955,1,1,8,14,1,1,1
956,1,1,8,15,1,13,27
957,1,1,1,15,1,23,1
958,1,1,1,9,1,1,14
959,1,1,1,14,1,11,9
960,1,1,12,14,1,19,24
961,1,1,14,9,1,22,27
962,1,1,1,8,1,3,1
964,1,1,1,15,1,1,3
965,1,1,15,4,14,4,1
966,2,1,12,17,1,13,27
967,1,1,12,4,9,22,14
968,2,1,12,17,1,19,24
970,1,1,14,14,1,19,24
971,4,1,13,9,1,22,28
972,2,1,12,7,12,22,27
973,2,1,14,16,1,22,27
974,2,1,12,17,1,22,14
976,1,1,12,12,12,23,28
977,2,1,1,6,1,13,14
978,1,1,12,17,12,13,27
979,1,1,9,4,1,1,28
980,1,1,13,7,6,20,25
982,1,1,1,15,1,1,28
984,1,1,1,9,1,1,1
985,1,1,1,12,1,13,14
986,1,1,4,4,4,1,1
987,1,1,8,5,1,1,1
988,1,1,1,10,1,2,2
989,1,1,8,6,1,13,28
990,1,1,8,12,1,1,3
991,1,1,1,8,1,3,3
992,1,1,1,15,1,1,3
993,1,1,15,10,14,3,14
994,2,1,4,10,3,22,27
995,1,1,12,3,1,22,27
998,1,1,8,11,1,1,14
999,1,1,1,5,1,19,24
1000,1,1,8,5,1,23,1
1001,1,1,1,14,1,13,28
1002,1,1,1,2,1,3,4
1003,1,1,8,9,1,13,14
1004,1,1,8,10,1,1,3
1005,1,1,8,6,1,3,14
1006,1,1,8,12,1,22,27
1007,1,1,17,10,16,22,27
1008,1,1,1,12,1,13,27
1009,1,1,8,14,1,1,28
1010,1,1,1,12,1,13,14
1011,1,1,8,12,1,13,1
1012,1,1,8,9,1,1,28
1013,1,1,1,15,1,13,1
1014,1,1,9,9,1,22,28
1015,1,1,8,11,1,13,14
1016,1,1,8,9,1,22,1
1017,1,1,16,5,1,3,1
1018,1,1,8,14,1,13,27
1019,1,1,8,15,1,1,1
1020,1,1,1,12,1,1,28
1021,1,1,15,9,14,13,1
1022,1,1,14,12,1,26,3
1023,1,1,8,5,1,23,28
1024,1,1,9,16,1,23,28
1025,1,1,8,6,1,1,14
1026,1,1,1,6,1,18,14
1027,1,1,1,11,1,13,27
1028,1,1,8,12,1,13,14
1029,1,1,1,12,1,1,1
1030,1,1,1,9,1,1,14
1032,1,1,1,15,1,22,27
1033,1,1,8,6,1,1,27
1034,1,1,8,5,1,23,14
1036,1,1,8,10,1,1,28
1037,1,1,1,10,1,1,3
1038,1,1,13,6,1,1,28
1040,1,1,8,5,1,1,14
1041,1,1,9,12,1,22,27
1042,4,1,14,14,1,22,27
1043,1,1,1,12,1,23,28
1044,1,1,1,11,1,13,14
1045,1,1,4,17,15,1,14
1046,1,1,1,15,1,3,28
1047,1,1,1,12,1,2,1
1048,1,1,1,12,1,1,14
1049,1,1,1,12,1,23,28
1050,1,1,1,2,1,1,28
1051,1,1,8,12,1,13,27
1052,1,1,8,12,1,3,3
1053,1,1,15,6,14,3,3
1054,1,1,1,12,1,22,27
1055,1,1,1,12,1,13,14
1056,1,1,1,12,1,1,27
1057,1,1,1,12,1,1,28
1058,1,1,12,14,9,1,14
1059,1,1,1,12,1,13,14
1060,1,1,17,10,16,1,14
1061,1,1,1,5,1,13,14
1062,1,1,12,3,1,22,9
1063,1,1,1,12,1,13,1
1065,1,1,4,3,15,13,1
1066,1,1,1,12,1,23,27
1067,1,1,1,9,1,22,28
1068,1,1,14,12,1,1,14
1069,1,1,1,14,1,13,14
1070,1,1,1,12,1,1,1
1071,1,1,15,10,14,13,14
1073,1,1,1,6,1,3,3
1074,1,1,1,10,1,22,27
1075,1,1,1,15,1,13,14
1076,1,1,2,16,1,13,28
1077,1,1,8,11,1,22,27
1078,1,1,14,2,1,3,1
1079,1,1,1,12,1,1,27
1080,1,1,1,5,1,1,14
1081,1,1,1,11,1,13,14
1083,1,1,1,16,1,1,14
1084,1,1,1,5,1,13,1
1085,1,1,8,8,1,3,1
1086,1,1,8,14,1,10,28
1087,1,1,1,15,1,23,14
1090,1,1,8,8,1,1,1
1091,1,1,8,15,1,13,14
1092,1,1,8,10,1,22,28
1093,1,1,9,15,1,13,14
1094,1,1,8,12,1,13,1
1095,1,1,1,16,1,22,27
1096,1,1,8,14,3,10,3
1097,1,1,1,11,1,22,28
1098,1,1,1,15,1,1,4
1099,1,1,1,12,1,13,27
1100,1,1,1,6,6,13,14
1101,1,1,8,8,1,13,14
1104,1,1,1,10,1,13,14
1105,1,1,1,2,1,22,28
1106,1,1,1,12,1,19,24
1107,1,1,1,12,1,23,14
1108,1,1,16,17,16,13,27
1109,1,1,8,6,1,13,26
1110,1,1,15,4,14,23,28
1111,1,1,1,12,1,1,14
1114,1,1,1,12,1,13,14
1115,1,1,9,12,1,23,27
1116,1,1,1,5,1,3,28
1117,1,1,1,12,1,23,14
1119,1,1,8,12,1,13,28
1121,1,1,1,14,1,1,1
1122,1,1,13,12,1,1,14
1123,1,1,15,4,14,22,28
1124,1,1,1,15,1,23,27
1125,1,1,1,14,1,22,28
1126,1,1,12,12,3,3,27
1127,1,1,1,10,1,22,28
1128,1,1,1,9,1,22,27
1129,5,1,8,12,1,22,28
1130,1,1,1,12,1,13,27
1131,1,1,13,12,1,1,2
1133,1,1,1,12,1,13,1
1134,1,1,8,11,1,22,27
1135,1,1,15,2,14,22,27
1136,1,1,1,5,1,22,28
1137,1,1,1,11,1,1,28
1138,1,1,8,12,1,23,27
1139,1,1,1,6,1,13,14
1140,1,1,1,12,1,23,14
1142,1,1,1,14,1,1,1
1143,1,1,1,16,1,13,14
1145,1,1,1,3,1,13,9
1147,1,1,16,17,1,13,28
1149,1,1,1,12,1,13,14
1150,1,1,1,5,1,10,14
1151,1,1,8,2,1,22,27
1154,1,1,1,12,1,1,27
1156,1,1,8,11,1,23,27
1157,1,1,7,11,1,23,27
1158,1,14,1,15,1,1,27
1159,1,1,1,9,1,13,14
1160,1,1,12,17,12,22,27
1162,1,1,8,12,1,23,1
1163,4,1,12,3,1,22,27
1164,1,1,12,12,1,22,27
1165,1,1,12,3,15,13,27
1166,2,1,12,9,3,3,27
1167,1,1,14,15,1,13,14
1168,1,1,8,15,1,3,1
1169,1,1,1,14,1,13,27
1170,1,1,1,9,1,23,14
1171,1,1,8,12,1,1,14
1172,1,1,13,7,1,19,24
1174,1,1,9,14,1,1,27
1175,1,1,8,11,1,13,1
1176,1,1,7,10,1,22,27
1177,1,17,1,5,1,2,1
1178,4,1,12,12,1,22,27
1179,1,1,9,13,1,23,27
1180,6,1,12,12,1,22,27
1181,1,1,7,6,1,1,1
1182,1,1,1,12,1,13,14
1183,1,1,17,6,16,13,28
1185,1,1,1,10,1,13,14
1187,1,1,8,9,1,22,27
1188,1,1,8,11,1,13,1
1189,1,1,1,14,1,1,14
1190,1,1,4,8,3,19,24
1191,1,1,1,12,1,1,1
1192,1,1,1,2,1,13,14
1193,1,1,4,11,15,1,1
1194,2,1,12,4,1,23,27
1196,1,1,4,5,3,22,2
1197,1,1,13,16,1,1,27
1198,1,1,1,10,1,1,14
1199,1,1,4,6,15,1,14
1200,1,1,1,8,1,1,14
1201,2,1,12,3,12,22,27
1202,2,1,12,9,1,13,27
1203,1,1,1,10,1,1,28
1204,1,1,12,10,1,19,24
1205,1,1,4,9,3,23,28
1206,1,1,14,12,1,22,24
1208,1,1,4,3,3,22,28
1209,2,1,12,4,1,22,27
1210,1,1,14,13,1,22,27
1212,4,1,12,12,12,23,1
1213,1,1,1,14,1,22,27
1215,1,1,1,12,1,3,28
1216,1,1,8,10,1,13,14
1217,1,1,15,3,14,13,27
1218,1,1,1,12,1,1,1
1219,1,1,9,9,1,13,28
1220,1,1,1,2,1,24,1
1221,1,1,1,12,1,13,1
1222,2,1,12,17,12,13,29
1223,2,1,12,3,12,1,14
1224,1,1,1,12,1,13,28
1225,1,1,8,10,1,23,28
1226,1,1,1,9,1,7,14
1227,1,1,8,10,1,23,28
1228,1,1,1,12,1,23,28
1230,1,1,1,10,1,13,28
1231,1,1,1,10,1,1,14
1232,1,1,4,12,3,13,28
1233,1,1,8,15,1,3,1
1234,1,1,8,12,1,1,27
1235,1,1,12,17,1,13,28
1236,1,1,1,12,1,1,27
1237,1,1,9,7,1,1,27
1238,1,1,15,4,14,23,27
1239,1,1,1,14,1,3,1
1240,1,1,14,17,1,22,27
1241,2,1,12,8,1,13,14
1243,1,1,13,6,14,13,3
1244,2,1,14,17,1,22,27
1245,2,1,12,16,1,22,27
1246,1,1,1,10,1,13,14
1247,1,1,1,10,1,13,14
1249,1,1,1,16,1,23,27
1250,1,1,1,11,1,13,29
1251,1,1,14,15,1,23,27
1252,1,1,8,14,1,23,28
1253,1,1,1,10,1,23,28
1255,4,1,12,8,1,3,1
1256,1,1,8,10,1,13,28
1257,1,1,1,13,1,23,27
1258,1,1,1,12,1,1,27
1259,1,1,1,6,1,13,28
1260,1,1,1,10,1,1,1
1261,1,1,13,7,1,13,27
1262,1,1,1,15,1,13,14
1263,2,1,12,16,1,22,14
1264,1,1,9,12,1,23,27
1265,1,1,1,12,1,1,1
1266,1,1,1,14,1,23,28
1267,1,1,8,12,1,13,27
1269,1,1,12,14,1,22,27
1271,1,1,14,9,1,13,28
1272,2,1,1,9,1,23,27
1273,2,1,16,16,1,22,27
1274,1,1,4,17,15,22,27
1275,1,1,8,11,1,13,14
1276,1,1,8,14,1,1,14
1277,2,1,12,9,1,22,27
1279,1,1,8,10,1,13,27
1280,1,4,1,15,1,13,14
1281,1,1,1,12,1,23,14
1282,1,1,8,11,1,1,14
1283,1,1,1,7,1,13,14
1284,1,1,1,14,1,13,27
1285,1,1,8,16,1,13,28
1287,1,1,1,10,1,13,1
1288,1,1,1,15,1,21,27
1289,1,1,1,12,1,13,14
1291,1,1,1,12,1,23,28
1292,1,1,15,4,14,1,14
1293,1,4,8,7,1,4,10
1294,2,1,12,4,1,1,31
1295,2,1,12,3,12,1,1
1296,1,1,12,14,1,19,24
1297,1,1,12,12,1,22,27
1298,1,1,1,17,1,2,27
1300,1,1,8,9,1,1,14
1301,1,1,1,11,1,3,14
1302,1,1,15,2,14,3,3
1303,1,1,16,14,1,3,3
1304,1,1,1,15,1,1,14
1305,1,1,1,15,1,13,14
1306,1,1,17,4,16,1,28
1307,1,1,8,9,1,13,28
1308,1,1,9,12,1,22,28
1309,1,1,1,12,1,23,28
1310,1,1,17,9,16,1,14
1311,1,1,1,6,1,22,27
1312,1,1,1,15,1,23,27
1313,1,1,1,12,1,3,29
1315,1,1,8,12,1,13,27
1317,1,1,1,15,1,19,28
1318,1,1,14,11,1,1,14
1319,1,1,8,16,1,1,28
1320,1,1,1,10,3,1,28
1322,1,1,1,12,1,23,28
1323,1,1,8,13,1,23,28
1325,1,1,1,12,1,22,27
1327,1,1,8,11,1,19,28
1328,1,1,1,12,1,1,1
1330,1,1,8,13,1,13,28
1331,1,1,1,12,1,1,1
1332,1,1,1,8,1,3,1
1334,1,1,1,12,1,23,28
1338,1,1,14,8,1,1,14
1339,1,1,9,12,1,22,28
1340,1,1,15,10,1,22,27
1341,1,1,1,15,1,13,14
1342,1,1,8,6,1,13,28
1343,1,1,1,16,1,22,27
1344,1,1,8,5,1,1,1
1345,1,1,1,6,1,1,3
1346,1,1,8,15,1,1,1
1349,1,1,12,6,12,13,14
1350,1,1,1,2,1,1,1
1351,1,1,1,12,1,13,14
1352,1,1,1,5,1,1,14
1353,1,1,8,16,1,23,14
1356,1,1,12,15,1,19,27
1357,1,1,12,11,12,13,1
1358,1,1,8,2,1,1,1
1359,1,1,13,7,1,13,27
1360,1,1,1,7,1,3,1
1361,1,1,1,12,1,22,28
1362,1,1,12,5,1,23,28
1363,1,1,15,2,14,13,1
1364,1,1,1,12,1,13,27
1365,1,1,12,14,7,6,16
1366,1,1,16,7,1,1,14
1367,1,1,1,12,1,23,28
1368,1,1,1,9,1,13,14
1369,1,1,17,14,16,1,14
1370,1,1,12,3,13,23,27
1371,1,1,1,12,1,1,1
1372,1,1,1,10,1,1,14
1373,1,1,1,15,1,1,28
1374,1,1,4,13,3,1,27
1375,1,1,1,2,1,23,1
1377,1,1,1,2,1,22,14
1378,1,1,1,5,1,13,27
1379,1,1,16,10,1,1,1
1380,1,1,9,13,1,3,14
1381,1,1,12,12,1,23,14
1382,1,1,4,4,3,1,14
1383,1,1,1,12,1,13,28
1384,1,1,12,5,1,1,1
1385,1,1,1,8,1,13,27
1386,1,1,14,8,1,2,3
1387,1,1,1,9,1,22,27
1388,1,1,8,7,1,22,11
1390,1,1,1,12,1,1,1
1391,1,1,1,11,1,3,14
1392,1,1,1,2,1,13,14
1393,1,1,8,10,1,1,14
1394,1,1,8,15,1,23,28
1395,1,1,8,11,1,10,1
1397,1,1,15,5,14,10,27
1398,2,1,12,13,12,22,28
1399,1,1,8,16,1,13,14
1401,1,1,1,11,1,23,28
1402,1,1,1,6,1,10,1
1403,1,1,8,12,1,23,1
1404,1,9,15,9,14,2,27
1405,1,14,6,7,1,1,3
1406,1,1,9,12,1,23,27
1408,1,1,8,11,1,9,24
1409,1,1,6,9,1,23,1
1410,1,1,12,3,12,22,27
1411,1,1,7,10,1,13,27
1412,1,9,14,14,1,22,27
1414,1,1,9,12,1,13,1
1415,1,1,1,6,1,13,14
1416,1,1,8,6,1,13,14
1417,1,1,8,14,1,3,14
1418,1,1,8,9,1,13,14
1419,1,1,12,8,1,23,28
1420,1,1,8,16,1,22,27
1422,1,1,8,10,1,13,28
1423,1,1,1,11,1,23,28
1425,1,1,1,2,1,13,14
1426,1,1,15,6,1,4,4
1429,1,1,8,15,1,13,28
1430,1,1,1,12,1,23,28
1431,1,1,1,16,1,1,10
1433,1,1,7,5,1,1,28
1435,1,14,6,9,1,26,1
1437,2,1,12,3,1,22,27
1438,1,1,9,14,1,1,1
1439,1,1,1,6,1,23,27
1440,1,1,1,14,1,13,14
1441,1,1,1,2,1,1,1
1442,1,1,8,11,1,1,1
1443,1,1,8,4,1,1,4
1444,1,1,14,17,1,1,1
1445,1,1,1,11,1,4,14
1446,1,1,1,2,1,3,20
1447,1,1,8,7,1,1,14
1448,1,1,15,4,14,22,27
1449,1,1,15,5,14,1,14
1450,1,1,8,8,1,2,1
1451,1,1,1,4,1,13,27
1452,1,1,1,2,1,1,1
1453,1,1,9,10,1,13,27
1455,1,1,1,9,1,1,27
1459,1,1,9,9,1,22,27
1460,1,1,12,14,1,23,27
1461,1,1,15,4,14,23,28
1463,1,1,16,7,1,1,14
1465,1,1,14,3,1,19,24
1466,1,1,8,7,1,8,10
1468,1,1,1,15,1,1,14
1469,1,1,1,11,1,1,1
1472,1,1,8,15,1,13,28
1473,1,1,8,15,1,22,27
1475,1,1,8,8,1,13,28
1476,1,1,12,17,1,22,27
1477,1,1,16,2,1,2,1
1478,2,1,12,4,1,1,14
1479,1,1,1,6,1,1,1
1480,1,1,17,6,16,1,1
1481,4,1,12,15,12,22,27
1482,1,1,1,14,1,3,1
1483,1,1,8,11,1,1,1
1484,1,1,12,12,12,22,27
1485,1,1,9,10,1,13,1
1486,1,1,17,6,16,1,3
1488,1,1,14,3,1,13,27
1489,1,1,8,7,1,13,14
1490,2,1,12,4,1,22,27
1491,1,1,1,15,1,1,3
1492,1,1,15,8,14,3,4
1493,1,1,12,14,12,13,1
1494,1,1,12,12,12,1,3
1495,1,1,4,7,15,3,1
1496,1,1,14,13,1,1,27
1497,1,1,8,14,1,1,1
1499,1,1,15,4,14,1,28
1500,1,1,1,5,1,23,27
1501,1,1,1,14,1,1,1
1502,2,1,12,17,1,22,14
1505,1,1,8,15,1,23,28
1507,1,1,1,2,1,13,27
1508,1,1,14,5,1,13,27
1509,1,16,14,12,1,1,1
1510,1,1,8,11,1,1,1
1512,1,1,8,2,1,13,27
1513,1,10,5,11,1,3,1
1514,1,1,8,12,1,13,27
1515,1,1,1,2,1,13,27
1516,1,1,4,12,5,13,1
1517,1,1,8,2,1,13,1
1519,1,1,12,9,9,1,1
1520,1,1,12,17,1,13,14
1521,2,1,12,17,1,22,27
1522,1,1,8,6,1,13,1
1523,1,1,1,14,1,13,1
1525,1,1,1,12,1,1,1
1526,1,1,8,15,1,1,1
1527,1,1,12,7,1,22,27
1528,1,12,6,11,1,13,1
1529,1,10,5,12,1,3,3
1531,1,1,8,12,1,23,1
1532,2,14,6,15,1,22,27
1534,1,1,1,6,1,1,28
1536,1,1,12,12,1,22,14
1537,1,1,1,10,1,23,14
1538,1,1,9,16,1,23,14
1539,2,1,12,7,3,22,27
1540,1,1,8,9,1,23,27
1541,2,1,12,16,9,22,27
1542,4,1,8,3,1,13,14
1543,1,3,4,8,2,27,1
1544,1,1,12,3,1,19,24
1545,1,1,8,5,1,1,27
1547,2,1,12,17,7,19,24
1548,2,1,4,11,2,22,27
1549,5,1,12,12,1,23,28
1550,2,1,14,3,1,19,24
1551,1,1,14,9,1,22,27
1552,1,1,4,9,15,22,27
1553,1,1,1,6,1,1,28
1554,1,1,12,3,1,22,27
1555,1,1,1,12,1,1,14
1556,1,1,1,7,1,22,14
1558,1,1,7,2,1,22,27
1559,1,1,1,12,1,3,14
1562,1,1,1,9,1,1,1
1565,1,1,8,10,1,1,14
1566,1,1,8,12,1,13,28
1567,1,1,1,9,1,1,14
1569,1,3,14,8,1,22,27
1571,1,1,12,4,12,22,27
1572,6,1,12,17,9,22,27
1573,5,1,12,4,1,22,27
1574,5,1,4,17,2,22,27
1575,1,1,1,2,1,13,14
1576,2,1,12,14,12,22,27
1578,1,1,1,6,1,22,14
1580,1,1,1,15,1,22,27
1582,1,1,14,17,1,13,27
1583,1,1,8,16,1,22,28
1584,1,1,1,15,1,22,14
1585,1,1,1,2,1,17,28
1588,1,1,8,11,1,22,27
1589,1,1,8,3,1,1,14
1590,1,1,15,4,14,1,14
1591,1,1,8,2,1,3,1
1593,1,1,1,2,1,23,27
1597,1,1,1,15,1,13,1
1598,1,1,8,10,1,22,27
1599,1,1,8,15,1,23,28
1600,1,1,1,2,1,1,1
1603,1,1,15,4,14,13,28
1604,1,1,12,4,12,1,14
1606,1,1,1,11,1,3,14
1607,1,1,1,12,1,4,3
1609,1,1,1,5,1,23,14
1610,1,1,1,9,1,1,28
1612,1,1,8,12,1,13,14
1613,1,1,12,3,11,19,24
1614,2,1,12,3,1,23,27
1615,2,1,12,6,12,13,14
1616,1,1,1,6,1,22,28
1617,1,1,12,3,1,22,1
1618,1,21,1,15,1,13,1
1619,1,1,13,14,1,1,1
1620,1,1,9,14,1,13,3
1621,1,1,1,6,1,23,27
1622,2,1,12,13,1,22,27
1623,2,1,12,13,1,22,27
1624,1,1,13,16,1,1,14
1625,1,1,12,17,1,22,27
1626,1,1,1,6,1,22,2
1627,1,1,15,17,14,22,27
1628,1,1,1,14,1,13,3
1629,1,1,12,7,1,22,28
1630,2,1,12,8,12,22,28
1631,2,1,12,15,12,13,14
1632,2,1,12,17,9,22,27
1634,2,1,12,17,1,22,27
1635,1,1,8,14,1,23,27
1636,2,1,12,8,1,1,14
1637,1,1,1,12,1,1,1
1638,1,1,12,14,7,22,27
1639,1,1,1,5,1,3,1
1640,1,1,1,12,1,1,27
1641,1,1,1,5,1,23,28
1642,1,1,8,12,1,1,1
1643,1,1,8,3,1,22,14
1644,1,1,8,11,1,3,3
1645,1,1,1,2,1,3,14
1646,1,1,1,2,1,1,14
1647,1,1,14,12,1,1,28
1648,1,1,1,12,1,13,27
1649,1,1,1,12,1,1,28
1651,1,1,1,12,1,1,1
1653,1,1,1,13,1,13,14
1654,1,1,1,16,1,1,1
1655,1,1,1,6,1,23,1
1656,1,1,1,9,1,3,14
1658,1,1,14,2,1,22,27
1660,1,1,17,6,16,1,14
1661,1,1,1,6,1,3,3
1662,1,1,1,12,1,13,1
1663,1,1,8,12,1,1,27
1664,1,1,1,6,1,22,27
1666,1,1,8,10,1,1,1
1667,1,1,1,12,1,3,14
1668,1,1,15,5,14,1,28
1669,1,1,8,3,1,22,27
1671,1,1,1,6,1,13,3
1672,1,1,15,8,14,3,1
1673,1,1,12,12,15,1,1
1674,1,1,8,12,1,1,1
1675,1,1,8,11,1,1,1
1676,1,1,8,13,1,3,3
1677,5,1,12,17,1,1,1
1678,1,1,8,6,1,22,26
1679,1,1,12,12,1,1,27
1682,1,1,1,14,1,13,1
1683,1,1,1,14,1,2,2
1684,1,1,8,5,1,22,27
1685,1,1,1,5,1,3,3
1686,1,1,8,6,1,23,1
1687,1,1,4,13,3,3,3
1689,1,1,14,2,1,22,27
1690,1,1,4,7,1,19,24
1691,1,1,9,5,1,1,27
1692,1,1,1,12,1,22,28
1694,1,1,12,7,3,3,3
1695,1,1,8,14,1,23,27
1696,1,1,8,5,1,13,28
1697,1,1,12,6,1,19,1
1698,1,1,1,12,1,1,1
1699,1,1,4,12,3,22,27
1700,1,1,1,12,1,23,27
1701,1,1,1,15,1,1,1
1702,1,1,8,15,1,19,24
1703,1,1,1,10,1,23,28
1704,1,1,12,14,1,1,14
1706,1,1,1,2,1,1,1
1708,1,1,12,13,12,13,1
1709,1,1,1,12,1,22,28
1711,1,1,1,12,1,13,14
1712,1,14,13,12,1,3,1
1714,1,1,8,10,1,13,27
1715,1,1,8,12,1,1,14
1716,1,1,1,12,1,23,28
1718,1,1,12,7,1,23,27
1719,1,1,12,17,12,2,1
1720,1,1,8,6,1,23,27
1721,1,1,1,11,1,22,27
1722,1,1,16,6,1,3,3
1723,1,1,1,15,1,2,1
1724,1,1,1,2,1,13,14
1725,2,1,12,17,1,22,27
1726,1,1,14,10,1,19,24
1728,1,1,8,11,1,23,27
1729,2,1,14,17,1,22,27
1730,1,1,1,9,1,3,3
1731,1,1,1,8,1,13,14
1732,2,1,12,7,1,22,28
1734,1,1,1,9,1,1,1
1735,1,1,15,5,14,2,14
1736,1,1,1,12,1,3,1
1738,1,1,12,4,1,3,1
1739,2,1,12,5,12,22,27
1740,1,1,9,8,1,3,3
1742,1,1,1,8,1,3,14
1743,1,1,14,15,1,1,1
1744,1,1,12,14,1,22,27
1745,1,1,15,6,14,1,1
1746,1,1,14,8,1,13,1
1747,1,1,12,4,1,13,1
1748,1,1,12,4,1,1,1
1749,1,1,14,5,1,23,28
1751,1,1,1,2,1,23,14
1754,1,1,8,7,1,3,1
1757,1,1,15,8,14,1,27
1758,1,1,1,14,1,4,14
1759,1,1,1,12,1,1,1
1760,1,1,1,10,1,13,14
1761,1,14,8,2,1,1,1
1762,1,1,12,15,1,1,14
1763,1,12,6,9,1,22,2
1764,1,1,17,9,16,1,1
1765,1,1,1,9,1,13,28
1766,1,14,12,4,1,1,1
1768,1,1,4,12,3,3,14
1772,1,1,1,15,1,1,1
1775,1,1,1,15,1,1,3
1776,2,1,1,11,1,13,28
1777,2,1,12,17,1,22,10
1778,1,1,1,9,1,22,28
1779,1,1,1,12,1,22,14
1781,1,1,1,5,1,1,14
1782,1,1,12,12,1,22,27
1784,1,1,4,12,3,22,28
1786,2,1,12,10,12,22,27
1787,1,1,4,17,3,22,27
1788,1,1,1,5,1,3,3
1789,1,1,8,11,1,13,1
1790,2,1,12,12,1,22,27
1791,1,1,1,9,1,3,1
1792,1,1,12,17,1,3,5
1793,1,1,8,6,1,1,1
1795,1,1,1,12,1,23,28
1796,1,1,1,10,1,23,27
1797,1,1,1,6,1,23,1
1798,1,1,12,4,12,22,28
1799,1,12,8,11,1,23,3
1800,1,1,1,12,1,3,1
1801,1,1,14,3,3,19,24
1802,1,1,1,9,1,1,1
1803,1,1,14,14,1,13,1
1804,1,1,16,9,12,13,14
1805,1,1,14,17,3,3,1
1807,1,1,8,14,1,3,3
1809,1,1,16,17,1,1,1
1810,1,1,12,11,1,22,27
1811,1,1,1,12,1,1,14
1812,2,1,16,12,1,22,27
1813,1,1,1,9,1,22,28
1814,1,1,9,5,1,1,27
1816,4,1,14,17,1,22,27
1817,1,1,14,5,1,22,27
1818,1,1,8,15,1,2,27
1819,1,1,8,12,1,3,2
1823,1,1,12,14,1,1,1
1824,1,1,1,10,1,3,3
1825,1,1,8,11,1,13,27
1826,1,1,1,10,1,23,1
1828,1,1,4,12,3,22,27
1830,1,1,1,16,1,22,14
1831,1,1,1,10,1,1,1
1832,1,1,8,9,1,22,14
1833,1,1,1,9,1,13,14
1834,1,1,8,12,1,13,28
1835,1,1,1,10,1,23,28
1836,2,1,14,3,1,22,14
1838,1,1,8,12,1,3,14
1839,1,1,12,5,1,1,14
1840,1,9,5,15,1,23,27
1841,1,1,8,8,1,13,14
1842,1,1,1,9,1,1,28
1844,1,1,1,12,1,1,1
1845,1,1,1,8,1,3,14
1846,1,1,8,4,1,22,3
1847,2,1,12,17,1,21,12
1848,1,1,1,12,1,5,5
1850,1,1,4,12,3,1,1
1851,1,1,1,7,1,13,28
1852,1,1,1,9,1,3,14
1853,1,1,15,4,14,3,3
1854,1,1,12,6,1,22,27
1855,4,1,12,14,12,13,1
1856,1,1,1,5,1,3,3
1857,1,12,6,10,1,13,1
1858,1,1,8,5,1,1,4
1860,2,1,12,7,1,13,14
1862,1,1,1,11,1,1,1
1863,1,1,8,5,1,22,28
1864,1,1,1,8,1,7,14
1865,1,1,12,17,1,1,1
1866,1,1,12,9,1,13,14
1867,1,1,12,17,1,22,27
1868,1,1,1,2,1,22,14
1869,1,1,1,15,1,13,9
1870,1,1,8,14,1,19,3
1871,1,1,1,12,1,1,1
1872,1,1,16,12,1,1,1
1873,1,1,12,3,1,19,24
1874,1,1,1,15,1,13,14
1875,1,1,1,12,1,22,27
1876,1,1,12,13,12,27,1
1877,1,1,1,12,1,22,14
1878,1,1,1,2,1,2,14
1879,1,1,8,12,1,13,3
1881,1,1,12,4,1,22,27
1882,1,1,8,11,1,13,28
1883,1,1,1,2,1,1,14
1885,1,1,1,12,1,13,2
1886,1,1,15,4,14,22,27
1887,2,1,14,15,1,22,27
1888,1,9,5,6,1,2,14
1889,1,1,1,2,1,1,1
1890,1,1,1,2,1,25,33
1891,1,1,1,12,1,23,27
1892,1,1,1,8,1,2,16
1894,1,1,9,2,1,1,1
1897,1,1,1,15,1,3,3
1898,1,1,1,2,1,10,10
1899,1,1,17,6,16,3,1
1900,1,1,14,15,1,1,27
1901,1,1,13,6,1,1,7
1902,1,1,1,8,1,1,1
1903,1,1,8,12,1,13,1
1904,1,1,1,15,1,13,1
1905,1,1,15,10,14,1,27
1906,1,1,1,12,1,4,10
1907,1,1,1,12,1,13,1
1909,1,1,1,12,1,3,3
1910,1,1,1,14,1,3,14
1911,1,1,1,12,1,22,27
1912,1,1,1,13,1,23,1
1913,2,1,8,3,1,13,27
1914,1,1,1,16,1,10,10
1915,1,1,1,12,1,1,27
1916,1,1,8,12,1,13,28
1917,1,1,1,12,1,13,28
1918,1,1,1,5,1,13,27
1921,1,1,1,10,1,22,28
1923,1,1,8,9,1,22,28
1924,1,1,8,14,1,1,28
1925,1,1,8,10,1,1,1
1926,1,1,1,6,1,23,14
1927,1,1,8,15,1,13,14
1929,1,1,8,12,1,1,1
1930,1,1,1,12,1,13,1
1931,1,1,8,14,1,23,28
1932,1,1,8,10,1,13,14
1933,1,1,12,12,12,13,27
1934,1,1,1,12,1,13,28
1935,1,1,8,12,1,1,28
1936,1,1,8,8,1,4,1
1937,2,1,1,12,1,13,28
1938,1,1,12,6,1,13,14
1939,1,1,1,15,1,3,3
1940,1,1,1,11,1,1,1
1941,1,1,1,10,1,23,28
1942,2,1,1,5,1,10,14
1943,1,1,1,5,1,4,14
1944,1,1,1,15,1,1,14
1945,1,1,1,12,1,22,27
1946,1,1,1,12,1,13,28
1947,1,1,8,6,1,1,14
1948,1,1,1,15,1,23,28
1949,1,1,9,12,1,23,27
1950,1,1,1,11,1,23,28
1951,1,1,14,11,1,13,14
1952,1,1,1,2,1,13,27
1953,1,1,1,11,1,1,28
1955,1,1,9,16,1,13,28
1957,1,1,4,12,3,22,27
1958,1,1,1,10,1,10,28
1960,1,1,1,10,1,1,1
1962,1,1,1,14,1,1,1
1963,1,1,1,12,1,1,1
1964,1,1,8,6,1,1,3
1965,1,1,4,4,4,3,1
1966,1,1,1,6,1,1,14
1969,1,1,1,14,1,1,2
1971,1,1,8,6,1,2,14
1972,1,1,8,14,1,13,14
1973,1,1,8,9,1,13,14
1974,1,1,1,12,1,1,10
1975,1,1,16,5,1,1,1
1977,1,1,15,10,14,1,14
1979,1,1,1,14,1,10,1
1980,1,1,1,9,1,13,14
1981,1,1,8,10,1,13,14
1982,1,1,14,6,14,23,27
1983,1,1,1,12,1,23,14
1984,1,1,1,12,1,13,1
1985,1,1,8,11,1,22,27
1986,2,1,13,12,2,22,27
1988,1,1,1,12,1,13,27
1990,1,1,8,3,1,22,14
1991,1,1,14,2,2,22,27
1993,1,1,1,9,1,22,28
1994,1,1,1,11,1,13,7
1995,1,1,1,10,1,18,14
1996,1,1,8,6,1,3,27
1997,1,1,8,15,1,22,27
1998,1,1,12,3,1,22,28
1999,1,1,16,9,1,13,14
2000,1,1,12,11,1,1,1
2001,1,1,1,10,1,23,27
2002,1,1,16,11,1,23,28
2003,1,1,8,16,1,13,28
2004,1,1,4,16,3,19,24
2005,1,1,1,6,1,1,27
2006,2,1,12,3,1,22,27
2007,1,1,7,6,1,22,27
2008,1,1,1,2,1,22,27
2009,1,1,1,15,1,1,1
2010,1,1,9,16,1,22,27
2011,2,1,12,17,1,22,27
2012,5,1,12,16,12,23,1
2013,2,1,12,16,1,22,27
2014,2,1,12,4,1,13,14
2015,1,1,1,10,1,13,14
2016,1,1,12,11,1,3,1
2017,1,1,1,12,1,23,1
2019,1,1,1,15,1,1,1
2020,1,1,13,4,1,13,1
2021,1,1,12,16,1,13,1
2022,1,1,8,2,1,23,28
2023,1,1,1,5,1,1,10
2025,1,1,14,12,1,4,14
2026,1,1,1,2,1,3,2
2028,1,1,1,12,1,13,27
2029,1,1,1,15,1,22,28
2030,1,1,8,12,1,13,14
2031,4,1,12,11,1,23,27
2032,1,1,12,6,1,13,27
2033,2,1,12,17,1,22,27
2034,2,1,12,15,12,22,27
2036,1,1,8,9,1,1,27
2037,2,1,4,8,3,3,3
2038,1,9,5,14,1,22,27
2039,1,1,1,10,1,23,14
2040,1,1,1,16,1,23,27
2041,2,14,18,17,1,23,27
2042,1,2,1,11,1,22,1
2043,1,1,1,11,1,1,14
2044,1,1,15,6,14,1,14
2045,1,1,1,12,1,13,1
2046,1,1,1,12,1,22,1
2047,1,1,8,13,1,23,14
2048,1,1,8,12,1,3,1
2049,1,1,1,12,1,1,14
2050,1,1,1,10,1,22,28
2051,1,1,8,10,1,23,28
2052,1,1,1,15,1,1,14
2054,1,1,1,13,1,1,14
2055,1,14,1,5,1,22,14
2056,1,1,17,4,16,1,14
2058,1,1,1,9,1,1,14
2059,1,1,15,6,14,23,27
2060,1,1,8,12,1,13,27
2061,1,1,8,13,1,13,14
2062,1,1,1,12,1,1,1
2063,1,1,1,6,1,23,28
2064,1,1,8,9,1,23,14
2065,1,1,1,16,1,1,28
2066,1,1,1,11,1,13,1
2067,1,1,8,5,1,4,1
2069,1,1,8,9,1,22,1
2070,1,1,1,14,1,1,27
2071,1,1,1,12,1,13,3
2072,1,1,1,14,1,23,28
2073,1,1,1,6,1,1,14
2074,1,1,1,10,1,13,28
2075,1,1,8,10,1,22,27
2076,1,1,1,10,1,23,1
2077,1,1,8,12,1,13,27
2078,1,1,8,12,1,3,3
2079,1,1,1,12,1,23,28
2080,1,1,1,12,1,23,27
2081,1,1,1,12,1,4,4
2082,1,1,1,12,1,22,27
2083,1,1,1,15,1,3,1
2084,1,1,1,15,1,13,27
2085,1,1,1,15,1,13,27
2086,1,1,4,3,3,1,1
2087,1,1,8,8,1,3,2
2088,1,1,1,12,1,13,14
2089,1,1,12,14,12,1,1
2090,1,1,1,12,1,23,27
2092,1,1,1,12,1,5,4
2093,1,1,1,12,1,22,27
2094,1,1,8,16,1,3,3
2095,1,1,14,8,1,3,3
2096,1,1,4,12,3,3,1
2097,1,1,1,10,1,23,1
2098,1,1,9,12,1,22,14
2099,1,1,8,11,1,13,14
2101,1,1,9,3,1,1,1
2102,1,1,1,12,1,22,27
2103,1,1,1,15,1,19,14
2104,1,1,1,10,1,13,28
2107,1,1,1,15,1,22,27
2109,1,1,15,6,14,3,3
2111,1,1,8,4,1,13,1
2112,1,1,1,13,1,13,14
2113,1,1,1,10,1,23,28
2114,1,1,8,16,1,23,27
2115,1,1,8,14,1,1,14
2116,1,1,1,10,1,1,14
2117,1,1,1,12,1,23,28
2118,1,4,1,15,1,10,10
2120,1,1,8,6,1,13,14
2121,1,1,1,9,1,1,28
2122,1,1,1,9,1,22,27
2123,1,1,8,10,1,1,14
2124,1,1,1,2,1,5,3
2125,1,1,14,11,1,23,28
2126,1,1,8,12,1,23,1
2127,1,1,1,12,1,12,13
2128,1,1,1,2,1,13,14
2129,1,1,1,5,1,13,1
2131,1,1,1,10,1,1,27
2132,1,1,1,9,1,13,27
2133,1,1,8,12,1,1,1
2134,1,1,1,12,1,13,28
2135,1,1,12,11,1,13,1
2136,1,1,8,5,1,22,27
2137,1,1,1,15,1,23,14
2138,1,1,8,13,1,13,28
2139,1,1,1,9,1,13,14
2141,1,1,8,6,1,23,27
2142,1,1,8,10,1,1,1
2143,1,1,1,2,1,3,1
2144,2,1,12,3,9,22,27
2146,1,1,1,5,1,22,27
2147,1,1,1,11,1,23,14
2148,1,1,5,6,1,13,14
2149,1,1,1,10,1,23,27
2150,1,1,1,16,1,1,14
2152,1,1,1,12,1,23,27
2153,1,1,13,10,1,1,14
2154,1,1,1,5,1,23,14
2155,1,1,1,12,1,13,14
2157,1,1,15,6,14,22,14
2158,1,1,1,16,1,3,1
2159,1,1,8,11,1,22,27
2160,1,1,1,12,1,1,3
2161,1,1,8,14,1,19,27
2162,1,1,8,10,1,13,27
2163,1,1,8,12,1,1,1
2164,1,1,1,15,1,1,1
2165,1,1,15,10,14,1,1
2166,1,1,8,12,1,23,27
2167,1,1,1,9,1,23,28
2168,1,1,9,12,1,1,3
2169,1,1,8,14,1,3,3
2170,1,1,1,12,1,1,1
2171,1,1,15,6,14,1,14
2172,2,1,4,5,17,22,1
2173,1,1,1,6,1,10,2
2174,1,1,14,10,1,1,28
2175,1,1,1,2,1,13,28
2176,1,1,1,5,1,1,1
2177,1,1,14,3,6,19,24
2178,1,1,8,12,1,1,1
2179,1,1,1,15,1,23,27
2180,1,1,8,2,1,23,28
2181,1,1,8,10,1,13,14
2182,1,1,14,12,1,13,14
2183,1,1,13,16,1,22,14
2185,1,1,8,11,1,13,14
2187,1,1,1,12,1,13,28
2188,1,1,8,11,1,3,1
2189,1,1,8,15,1,1,1
2191,1,1,1,12,1,4,14
2192,1,1,12,4,1,3,1
2194,1,1,1,2,1,22,14
2198,1,1,1,9,1,23,28
2199,1,1,12,13,1,1,1
2200,1,1,12,3,1,22,27
2201,1,1,12,12,1,23,3
2202,1,1,8,11,1,13,28
2203,2,1,4,2,3,13,14
2204,1,1,3,5,1,1,1
2206,1,1,1,9,1,24,29
2209,1,1,1,15,1,1,28
2210,1,1,1,12,1,1,1
2211,1,1,1,5,1,22,27
2213,1,1,1,10,1,13,28
2214,1,1,15,4,14,13,14
2216,1,1,9,13,1,3,3
2217,1,1,7,9,1,13,14
2218,1,1,4,15,17,13,1
2219,1,1,1,5,1,22,1
2220,1,1,12,12,1,1,1
2221,1,1,1,12,1,1,3
2223,1,1,8,2,1,23,27
2224,1,1,1,12,1,13,14
2225,1,1,14,11,1,22,27
2226,1,1,1,14,1,3,3
2227,1,1,14,4,1,22,27
2228,2,1,12,15,1,22,28
2229,1,1,1,5,1,1,1
2230,1,1,1,2,1,1,28
2231,1,1,1,2,1,3,3
2232,1,1,14,9,1,1,3
2233,1,1,14,11,6,19,24
2235,1,1,1,2,1,13,14
2237,1,1,12,11,12,23,27
2240,1,1,12,11,1,3,1
2243,1,1,8,12,1,23,27
2244,1,1,12,11,12,22,27
2245,1,1,8,10,1,22,27
2248,1,1,15,7,1,22,10
2249,1,1,1,8,1,1,1
2250,1,1,15,10,14,1,1
2251,1,1,7,2,1,13,27
2252,1,1,4,6,15,5,3
2253,1,1,12,7,9,19,24
2254,1,1,12,17,1,13,27
2255,1,1,12,11,1,22,27
2256,1,1,4,1,15,23,27
2258,1,1,4,5,3,4,4
2259,2,1,12,3,12,22,27
2261,1,1,14,9,1,1,1
2262,1,1,1,11,1,2,1
2263,1,1,12,4,1,23,28
2266,1,1,4,4,3,24,29
2267,1,1,1,9,1,3,1
2268,1,1,14,12,1,3,4
2269,2,1,12,17,1,22,27
2270,2,1,4,17,3,19,24
2271,1,1,8,5,1,22,28
2272,2,1,12,17,12,22,1
2273,2,1,1,3,1,19,24
2274,2,1,12,2,12,22,27
2275,1,1,1,17,1,1,3
2276,2,1,12,3,12,22,27
2277,1,1,16,15,1,1,32
2279,2,1,14,3,1,22,27
2280,1,1,14,4,1,1,2
2282,1,1,1,11,1,23,1
2283,1,1,14,10,14,2,1
2285,2,1,13,9,1,22,27
2286,1,1,12,17,1,13,27
2287,1,1,8,11,1,1,1
2289,1,1,12,17,1,3,28
2290,1,1,13,7,1,5,5
2291,1,1,1,10,1,22,27
2292,1,1,9,9,1,19,24
2293,1,1,1,15,1,13,27
2294,1,1,8,2,1,1,27
2295,1,1,8,14,1,1,28
2296,1,1,14,9,1,1,14
2297,1,1,1,10,1,4,5
2298,1,1,1,10,1,1,1
2299,1,1,12,11,14,1,1
2304,1,1,8,9,1,1,14
2306,1,1,4,8,3,2,28
2307,4,1,14,17,13,3,1
2308,1,1,1,12,1,13,1
2309,1,1,8,7,1,1,28
2310,1,1,1,10,1,13,28
2311,1,1,1,12,1,1,14
2312,1,1,1,9,1,19,14
2313,1,1,15,8,14,22,27
2314,1,1,1,10,1,1,1
2315,1,1,1,8,1,13,27
2316,1,1,12,7,12,1,1
2317,1,1,12,17,1,3,1
2318,1,1,1,5,1,1,1
2319,1,1,8,11,1,1,1
2320,4,1,12,10,1,13,3
2322,2,1,12,17,1,22,27
2324,1,1,9,10,1,1,3
2325,2,1,12,7,1,22,27
2327,2,1,12,17,1,22,27
2328,1,1,1,2,1,23,14
2329,2,1,12,5,9,22,28
2330,1,1,14,3,1,19,24
2331,1,1,12,4,1,13,27
2332,1,1,12,4,1,1,14
2333,1,1,1,2,1,8,8
2334,1,1,1,14,1,23,27
2335,1,1,8,5,1,1,1
2336,1,1,14,17,1,22,14
2337,1,1,12,8,1,1,28
2338,1,1,8,7,1,23,28
2340,1,1,12,4,1,22,27
2342,1,1,14,4,1,2,4
2343,1,1,8,17,1,22,14
2344,1,1,8,12,1,3,3
2345,1,1,17,6,16,1,14
2347,1,1,9,7,1,1,1
2348,1,1,12,14,1,13,14
2349,4,1,12,11,1,22,14
2350,1,1,9,12,1,13,3
2351,1,1,15,8,14,2,1
2352,1,1,1,8,1,3,3
2353,1,1,8,14,1,22,27
2354,1,1,1,6,1,22,14
2355,1,1,8,14,1,3,1
2356,1,1,1,2,1,1,1
2357,1,1,15,4,14,1,28
2358,1,1,12,4,1,3,3
2359,1,1,8,11,1,1,1
2361,1,1,13,15,1,13,6
2362,1,1,1,9,1,13,14
2365,1,1,9,15,1,1,1
2367,1,1,8,8,1,10,10
2369,1,1,12,8,1,1,14
2371,1,1,1,2,1,13,3
2375,1,1,1,14,1,22,27
2376,1,1,12,9,1,22,1
2377,1,1,12,9,1,22,27
2378,1,1,14,17,1,3,4
2379,1,1,1,8,1,2,27
2380,1,1,8,11,1,1,14
2381,1,1,1,5,1,13,28
2382,1,1,4,7,15,1,1
2385,1,1,15,5,14,13,28
2387,1,1,1,2,1,1,28
2388,1,1,8,9,1,23,14
2389,1,1,12,10,1,13,1
2390,2,1,12,4,1,1,27
2391,1,1,14,4,1,22,1
2393,1,1,1,11,1,4,14
2394,1,1,8,9,1,22,27
2396,1,1,12,4,1,1,3
2398,1,1,8,15,1,3,14
2399,1,1,8,12,1,1,1
2400,4,1,12,3,12,1,27
2401,2,1,12,17,1,22,27
2402,1,1,1,9,1,13,14
2403,1,1,1,12,1,23,27
2404,1,1,1,12,1,1,28
2405,2,1,12,3,1,22,27
2406,2,1,12,2,9,22,27
2407,4,1,12,12,12,22,28
2408,1,1,9,17,1,28,30
2409,2,1,12,17,1,22,27
2410,1,1,4,7,3,19,24
2411,2,1,12,3,1,19,24
2413,2,1,12,3,1,19,24
2414,1,1,14,9,1,19,27
2415,1,1,14,10,1,19,21
2416,1,1,8,5,1,22,27
2417,1,1,14,17,1,22,27
2418,1,1,17,2,16,1,14
2420,1,1,12,6,2,23,28
2421,2,1,12,17,12,22,27
2422,1,1,12,4,1,22,27
2423,1,1,12,4,1,1,27
2424,1,1,12,7,1,22,27
2425,1,1,12,9,13,13,28
2426,1,1,12,17,1,13,28
2427,2,1,12,14,1,22,27
2428,1,1,12,4,12,1,14
2429,1,1,13,7,1,19,24
2430,1,1,1,15,1,23,28
2431,1,1,1,17,1,23,27
2432,1,1,1,15,1,23,28
2435,1,1,13,7,1,23,27
2436,1,1,12,4,1,1,3
2437,1,1,1,7,1,22,27
2438,1,1,4,4,3,1,28
2439,1,1,14,14,6,19,24
2440,1,1,9,9,1,1,28
2442,2,1,14,14,1,19,24
2443,2,1,12,4,3,3,14
2444,1,1,1,16,1,19,24
2446,1,1,4,17,15,22,27
2447,2,1,12,11,12,22,14
2448,1,1,12,7,12,22,27
2449,1,1,4,17,3,22,27
2451,1,1,12,4,1,1,3
2452,1,1,1,6,1,1,1
2454,1,1,9,7,1,3,14
2455,1,1,15,4,14,13,14
2456,1,1,12,5,1,22,27
2458,1,1,8,7,1,10,14
2459,1,1,1,9,1,13,27
2460,2,1,12,15,1,22,27
2461,1,1,9,11,1,13,14
2462,1,1,1,2,1,3,3
2463,1,1,8,11,1,22,28
2464,2,1,12,17,1,22,14
2465,1,1,12,8,12,22,27
2468,1,1,14,5,1,23,27
2469,2,1,12,9,1,22,27
2471,2,1,12,6,12,22,27
2472,1,1,1,14,1,1,1
2473,1,1,12,4,1,1,1
2474,1,1,1,15,1,3,14
2475,2,1,12,3,12,13,27
2476,1,1,14,12,1,23,27
2478,1,1,1,12,1,1,14
2479,1,1,1,9,1,13,14
2481,1,1,1,5,1,13,14
2482,1,1,12,17,9,22,28
2483,1,1,17,4,16,1,28
2484,2,1,12,9,1,22,27
2485,2,1,12,4,1,22,27
2486,4,1,12,14,1,13,14
2487,1,1,9,9,1,13,1
2489,1,1,1,11,1,1,28
2492,1,1,16,3,1,1,1
2493,2,1,12,4,1,22,27
2494,1,1,1,15,1,1,14
2495,1,1,12,15,12,22,27
2496,1,1,1,2,1,13,27
2497,2,1,1,3,1,22,1
2498,1,17,12,2,12,1,14
2499,1,1,12,10,12,22,27
2500,1,3,15,6,14,5,4
2501,2,1,12,3,9,22,27
2502,1,1,16,1,1,13,27
2503,2,1,12,12,1,3,1
2504,1,1,9,16,1,23,27
2505,1,1,1,12,1,13,14
2506,1,1,1,13,1,13,14
2507,1,1,12,3,1,23,27
2508,1,1,8,2,1,13,28
2509,1,1,14,5,1,13,28
2510,1,9,5,15,1,13,28
2512,1,1,8,12,1,3,3
2513,1,9,5,6,1,13,1
2514,1,1,1,14,1,1,3
2516,1,1,8,5,1,1,1
2517,1,1,1,12,1,13,1
2518,1,1,8,11,1,13,29
2519,1,1,1,15,1,23,28
2520,1,1,1,11,1,23,27
2521,1,1,1,11,1,4,3
2522,1,1,8,12,1,1,14
2523,1,1,8,16,1,13,1
2524,1,1,8,10,1,1,14
2525,1,1,1,6,1,3,1
2526,1,1,1,5,1,1,1
2527,1,1,8,12,1,13,14
2528,1,1,8,15,1,3,28
2529,1,1,8,9,1,13,28
2530,1,1,8,15,1,1,1
2531,1,1,15,4,14,22,28
2532,1,1,7,10,1,23,27
2534,1,1,1,10,1,23,28
2537,1,1,1,14,1,13,14
2538,1,12,6,14,1,27,1
2539,1,1,9,8,1,23,14
2540,1,1,4,9,3,1,29
2541,1,1,1,16,1,13,14
2542,1,1,8,13,1,1,1
2543,1,1,8,5,1,13,1
2545,1,1,1,15,1,3,1
2546,1,1,1,10,1,13,14
2547,1,1,1,12,1,13,27
2548,1,1,1,15,1,13,14
2549,1,1,8,11,1,1,2
2550,1,9,14,3,1,22,27
2552,1,1,1,3,1,23,27
2553,1,1,8,17,1,19,24
2556,1,12,6,9,1,1,1
2559,1,1,1,15,1,13,1
2560,1,1,8,16,1,3,14
2561,1,1,1,12,1,13,27
2562,2,1,12,12,12,23,28
2564,1,14,1,11,1,22,27
2565,1,12,6,10,1,13,14
2566,1,1,8,12,1,23,1
2569,1,1,1,15,1,13,1
2570,1,1,1,12,1,13,27
2571,1,1,1,12,1,23,28
2572,1,1,1,10,1,1,1
2573,1,1,1,12,1,22,14
2574,1,1,7,15,1,22,28
2575,2,1,12,3,1,22,27
2576,1,1,15,6,14,22,27
2577,1,1,1,11,1,22,27
2578,1,1,8,12,1,13,27
2579,1,1,1,10,1,22,27
2580,1,1,1,10,1,13,27
2581,1,1,12,4,1,23,28
2582,1,1,1,9,1,23,27
2584,1,1,1,16,1,13,10
2585,1,1,8,3,1,22,24
2588,1,1,8,16,1,22,27
2590,1,1,12,4,1,13,14
2592,1,1,4,9,3,22,14
2593,1,1,12,13,1,13,14
2595,1,1,8,5,1,13,27
2596,1,1,1,5,1,1,27
2597,1,1,14,2,1,13,28
2600,1,1,8,16,1,22,27
2602,1,1,1,10,1,23,14
2603,1,1,1,6,1,23,27
2604,1,1,8,10,1,22,27
2605,2,1,15,6,14,22,27
2606,1,1,5,6,1,22,27
2607,1,1,1,15,1,22,1
2608,1,1,8,11,1,23,28
2609,2,1,14,17,1,22,27
2610,1,1,8,12,1,1,28
2611,1,1,8,15,1,1,1
2612,1,14,1,8,1,1,14
2613,1,1,12,17,1,1,28
2614,1,1,1,7,1,3,14
2615,1,1,1,8,1,1,1
2616,1,1,8,16,1,13,28
2617,1,1,8,11,1,1,14
2618,1,1,8,16,1,23,14
2619,1,1,15,10,1,1,1
2621,1,1,1,5,1,1,27
2622,1,1,16,3,16,13,27
2623,1,14,14,17,1,22,27
2624,1,9,1,15,1,1,27
2625,1,1,12,17,1,22,27
2626,1,1,1,12,1,1,1
2630,1,1,12,17,1,1,1
2631,1,1,8,11,1,23,28
2632,1,1,14,12,1,1,1
2633,1,1,1,12,1,13,1
2635,1,1,12,13,1,3,1
2636,1,1,1,11,1,22,27
2637,1,1,7,2,1,3,3
2638,1,1,8,9,1,22,28
2639,1,1,1,2,1,13,14
2640,2,1,12,7,12,22,27
2641,1,1,1,15,1,23,28
2642,1,1,8,14,1,3,4
2643,1,1,12,17,1,22,1
2644,1,1,12,4,1,22,14
2645,1,1,1,2,1,1,27
2647,1,1,15,4,14,23,28
2648,1,1,14,3,9,22,1
2649,1,1,1,12,1,13,28
2651,1,1,4,4,3,3,14
2652,1,1,1,14,1,3,14
2653,2,1,12,9,1,22,27
2654,1,1,8,12,1,3,28
2655,1,1,12,12,1,22,27
2656,1,1,7,2,1,1,3
2658,1,1,1,2,1,23,27
2659,1,1,1,11,1,22,27
2660,2,1,12,17,1,13,27
2661,2,1,12,15,13,22,27
2662,1,1,1,12,1,1,14
2663,1,1,12,17,1,1,1
2664,2,1,12,17,1,22,3
2665,2,1,12,15,1,22,27
2666,1,1,8,5,1,23,1
2667,2,1,12,17,12,13,14
2669,1,1,12,3,1,22,28
2671,2,1,12,17,1,23,28
2672,1,1,1,11,1,13,1
2674,1,1,8,14,1,13,27
2676,2,1,13,13,1,22,27
2677,1,1,14,17,1,22,27
2679,1,1,12,17,1,22,28
2680,4,1,14,12,12,19,24
2681,2,1,12,12,12,23,28
2682,1,1,4,17,3,22,27
2683,1,1,8,6,1,1,14
2684,1,1,4,4,3,1,14
2687,1,1,13,7,1,13,14
2689,1,1,8,15,1,1,28
2690,1,1,8,9,1,13,14
2691,1,1,1,9,1,1,4
2692,1,1,8,9,1,13,14
2693,1,1,1,4,1,23,1
2694,1,1,1,15,1,1,1
2696,1,1,12,11,12,13,14
2698,1,1,15,5,14,22,1
2699,1,1,1,12,1,22,27
2700,1,1,1,2,1,1,1
2701,2,1,13,4,1,3,1
2702,1,1,8,7,1,23,14
2703,1,1,15,4,14,1,28
2705,1,1,12,9,1,13,5
2706,1,1,1,8,1,3,3
2707,1,1,1,9,1,1,3
2708,1,1,3,5,1,3,1
2710,1,1,8,11,1,23,27
2711,1,1,14,3,1,22,27
2712,1,1,1,9,1,22,28
2713,1,1,14,8,1,3,3
2714,1,1,12,6,1,1,1
2715,1,1,1,12,1,23,28
2717,1,14,6,14,1,1,1
2718,1,1,1,12,1,1,1
2719,1,1,1,6,1,3,1
2720,1,1,1,6,1,1,28
2723,1,1,8,9,1,13,1
2724,1,1,12,12,1,22,27
2726,1,1,15,6,14,13,14
2727,1,1,8,12,1,23,14
2729,1,1,1,8,1,23,28
2730,1,1,1,10,1,4,1
2731,1,1,1,10,1,2,10
2734,1,1,1,15,1,1,10
2735,1,1,1,12,1,22,27
2736,1,1,8,12,1,1,27
2737,1,1,1,8,1,3,1
2738,1,1,8,9,1,23,27
2739,1,1,1,6,1,22,1
2740,1,1,1,5,1,13,28
2741,1,1,8,3,1,19,24
2742,1,1,1,10,1,22,27
2743,1,1,1,10,1,1,1
2744,1,1,12,11,1,13,14
2745,1,1,1,16,1,22,14
2747,1,1,13,4,1,3,2
2748,2,1,12,17,1,22,27
2749,2,1,12,17,1,22,27
2750,1,1,12,7,1,1,28
2751,1,1,12,14,9,1,27
2752,2,1,12,3,12,13,27
2753,1,1,14,17,1,23,28
2754,1,1,4,17,15,23,28
2755,1,1,4,10,15,22,27
2756,1,1,12,9,1,22,27
2757,1,1,15,6,14,3,5
2760,1,1,12,12,4,3,28
2763,1,1,14,3,3,7,7
2765,1,1,7,12,1,1,1
2766,1,1,4,12,3,22,27
2767,6,1,8,3,1,13,1
2768,1,1,8,9,1,23,14
2769,1,1,1,12,1,1,14
2770,1,1,8,13,1,13,28
2771,1,1,1,12,1,22,27
2773,1,1,13,12,1,1,1
2775,1,1,1,12,1,23,27
2778,1,1,4,4,3,1,27
2779,1,1,1,10,1,13,14
2780,1,1,1,12,1,23,28
2781,1,1,1,16,1,19,27
2784,1,1,1,5,1,22,27
2785,1,1,1,3,1,22,27
2786,1,1,12,15,7,23,1
2788,1,1,12,14,1,13,14
2789,1,1,12,2,1,22,27
2790,1,1,8,9,1,13,27
2791,1,1,1,6,1,23,14
2792,4,1,12,3,1,22,27
2793,1,1,1,2,1,23,27
2795,2,1,12,12,13,22,27
2796,1,1,12,12,1,22,27
2797,1,1,1,14,1,1,28
2798,1,1,13,12,1,13,1
2799,1,1,13,7,1,1,1
2800,1,1,1,11,1,3,14
2801,1,1,15,8,14,3,1
2802,1,1,1,15,1,13,27
2803,1,1,1,6,1,13,14
2804,1,1,1,10,1,13,14
2805,1,1,1,12,1,13,14
2806,1,10,9,15,1,22,14
2808,1,1,1,15,1,1,28
2810,1,1,1,16,1,23,27
2811,1,1,12,12,1,13,1
2812,1,1,8,12,1,1,1
2813,1,1,1,10,1,1,14
2814,1,1,1,2,1,3,28
2815,1,1,8,10,1,22,28
2816,1,1,1,12,1,13,14
2818,2,1,4,3,3,22,24
2820,1,1,9,12,1,1,1
2821,1,1,9,6,1,5,3
2822,1,1,15,10,1,1,28
2825,1,1,8,8,1,13,14
2826,1,1,1,14,1,1,14
2827,2,1,12,17,1,22,27
2829,1,1,8,2,1,3,1
2830,1,1,8,9,1,13,28
2834,1,1,12,6,1,13,14
2835,2,1,14,9,1,13,27
2836,2,1,12,17,1,19,24
2838,1,1,12,17,1,22,27
2839,1,1,1,6,1,23,14
2841,2,1,12,4,1,22,27
2842,2,1,12,5,1,3,1
2843,4,1,1,17,1,22,27
2845,1,1,15,4,14,23,28
2846,2,1,12,13,9,19,24
2847,2,1,12,15,12,22,27
2848,2,1,13,9,1,22,27
2849,1,1,15,6,14,3,3
2850,1,1,9,15,1,1,1
2851,1,1,1,15,1,1,27
2852,1,1,17,4,16,1,1
2853,1,1,9,5,1,1,1
2854,1,1,1,12,1,13,14
2855,1,1,8,12,1,1,1
2856,1,1,1,15,1,1,3
2857,1,1,1,2,1,1,1
2858,1,1,1,14,1,2,1
2860,4,1,14,10,1,22,27
2861,1,1,1,6,1,3,3
2862,2,1,12,3,1,22,27
2863,1,1,14,16,1,22,27
2864,1,1,8,15,1,1,1
2865,4,1,12,9,1,22,27
2866,2,1,12,3,12,3,14
2867,1,1,12,4,12,22,27
2869,2,1,12,17,12,22,27
2870,1,1,1,2,3,3,3
2871,2,1,12,12,1,22,27
2873,5,1,13,11,2,22,27
2874,2,1,12,17,9,22,24
2876,1,3,12,13,1,3,3
2878,2,1,13,16,1,22,27
2879,4,1,12,3,1,23,27
2880,4,1,12,3,12,22,27
2882,2,1,12,17,1,22,27
2883,2,1,12,3,1,22,27
2884,1,1,4,4,3,22,27
2885,1,1,12,3,2,22,27
2886,2,1,12,17,1,22,27
2887,1,1,1,16,1,13,27
2888,1,1,8,10,1,22,27
2889,1,1,8,14,1,23,14
2890,2,1,12,3,9,19,24
2891,1,1,12,17,1,3,1
2892,1,1,1,14,1,1,14
2893,2,1,14,3,1,19,24
2894,1,1,8,16,1,23,27
2895,2,1,1,3,1,22,27
2897,1,1,14,12,1,3,3
2898,1,1,9,12,1,3,14
2899,1,1,8,2,1,2,1
2901,2,1,4,3,3,13,14
2902,2,3,12,13,1,23,28
2903,1,1,8,10,1,1,1
2904,1,1,12,3,1,22,27
2905,1,1,8,15,1,3,1
2906,4,1,12,3,1,22,28
2907,2,1,1,12,1,1,27
2908,1,1,14,6,1,22,27
2909,1,1,15,4,1,1,14
2910,1,1,8,15,1,1,1
2911,1,1,1,12,1,13,14
2912,1,1,14,6,1,19,24
2913,1,1,1,10,1,14,21
2914,6,1,12,9,1,22,27
2916,2,1,4,3,3,22,27
2917,1,1,1,12,1,23,28
2918,1,1,14,17,2,22,27
2919,5,1,12,4,12,13,1
2920,1,1,1,2,1,13,14
2922,2,1,12,10,12,22,27
2923,1,1,12,14,1,19,24
2924,2,1,12,12,1,13,27
2925,1,1,1,15,1,22,27
2926,1,1,15,3,14,1,3
2927,1,1,1,9,1,13,27
2928,1,1,1,2,1,22,27
2930,1,1,12,17,7,22,24
2931,1,1,1,8,1,6,6
2932,1,1,12,17,1,22,27
2933,1,1,1,12,1,13,14
2934,2,1,12,3,9,19,24
2935,1,9,14,15,1,19,24
2936,1,1,15,6,1,17,8
2937,1,1,14,16,1,19,24
2939,1,1,12,3,1,22,27
2940,4,1,12,3,3,22,27
2942,1,1,1,2,1,25,1
2943,1,1,12,4,1,13,14
2944,1,1,1,12,1,4,3
2945,2,1,12,16,1,22,14
2946,1,1,15,16,14,3,27
2947,1,1,8,14,1,4,1
2948,1,1,1,16,1,1,14
2949,1,1,12,6,1,3,3
2950,2,1,1,4,1,13,28
2951,1,1,1,6,1,1,1
2953,1,1,12,2,1,22,27
2954,4,1,12,10,1,22,27
2955,1,1,1,2,1,22,27
2956,1,1,4,12,3,22,27
2957,2,1,12,3,3,22,27
2958,2,1,12,16,12,22,14
2959,5,1,12,11,1,2,2
2960,1,1,1,14,1,1,1
2961,1,1,1,12,1,13,27
2962,1,1,9,5,1,1,1
2963,2,1,1,17,3,1,3
2964,1,1,1,5,1,13,14
2965,1,1,8,9,1,1,3
2966,1,1,13,12,1,3,3
2968,1,1,12,3,1,20,27
2969,1,1,12,14,1,13,3
2970,1,1,14,10,1,13,14
2971,1,1,12,17,3,13,1
2973,1,1,7,9,1,22,27
2974,1,1,1,2,1,1,14
2975,5,1,14,17,3,3,3
2976,1,1,1,11,1,1,14
2977,1,1,13,16,9,1,3
2978,1,1,1,5,1,5,3
2979,1,1,1,6,1,3,2
2980,1,1,8,15,1,22,14
2981,1,1,1,5,1,13,27
2982,1,1,8,12,1,3,14
2983,1,1,4,16,3,13,14
2984,1,1,13,12,6,1,14
2985,1,1,8,5,1,22,14
2987,2,1,12,3,12,19,24
2988,1,1,8,2,1,3,3
2990,1,1,1,8,1,13,14
2991,1,1,9,12,1,22,27
2992,1,1,1,15,1,3,3
2993,2,1,12,3,1,22,27
2994,1,1,8,15,1,1,28
2995,1,1,8,12,1,1,1
2996,1,1,8,10,1,13,1
2998,1,1,1,8,1,3,14
2999,4,1,12,3,1,13,14
3001,1,1,1,12,1,4,1
3002,1,1,1,15,1,3,1
3003,1,1,8,13,1,13,14
3004,1,1,8,9,1,22,28
3005,1,1,1,12,1,13,28
3006,1,1,1,9,1,1,14
3008,1,1,1,8,1,25,14
3009,1,1,1,12,1,1,10
3010,1,1,8,6,1,3,2
3011,1,1,1,6,1,2,2
3012,1,1,7,12,1,22,27
3013,1,1,8,14,1,1,1
3014,1,1,1,12,1,1,27
3015,1,1,1,12,1,23,1
3016,1,1,17,6,16,1,14
3017,1,1,1,12,1,3,3
3018,1,1,7,6,1,22,27
3019,1,1,8,10,1,3,3
3020,1,1,8,8,1,13,7
3021,1,1,1,12,1,3,1
3022,1,1,8,16,1,23,14
3023,1,1,1,2,1,23,14
3024,1,1,1,2,1,13,27
3025,1,1,1,12,1,1,1
3027,1,1,1,15,1,26,1
3028,1,1,12,3,1,22,27
3029,1,1,8,9,1,22,27
3030,1,1,4,16,3,22,27
3031,1,1,14,12,1,23,3
3032,1,1,9,12,1,13,1
3033,1,1,3,10,1,25,28
3034,1,1,1,6,1,3,4
3035,1,1,1,11,1,10,1
3036,1,1,1,12,1,3,3
3037,1,1,1,14,1,1,1
3038,1,1,1,15,1,23,14
3039,1,1,1,16,1,23,28
3040,1,1,1,15,1,1,14
3042,1,1,8,14,1,1,27
3043,1,1,1,5,1,3,3
3044,1,1,3,11,1,1,27
3045,1,1,8,16,1,1,1
3047,1,1,1,15,1,22,27
3048,1,1,1,9,1,1,14
3049,1,1,1,6,1,23,27
3050,2,1,12,13,1,22,27
3052,1,1,7,6,1,22,27
3053,1,1,8,6,1,23,14
3054,1,1,8,10,1,23,28
3055,5,1,4,8,3,13,28
3056,1,1,8,15,1,13,14
3057,1,1,1,3,1,19,24
3058,1,1,1,12,1,23,14
3059,1,1,1,12,1,13,27
3061,1,1,8,11,1,10,27
3062,1,1,8,14,1,13,1
3063,1,1,12,15,12,13,14
3064,1,1,8,10,1,23,1
3065,1,1,8,11,1,13,14
3066,1,1,15,5,14,1,1
3068,1,1,12,13,1,22,27
3069,1,1,12,6,9,22,27
3071,1,1,12,3,13,1,1
3072,1,1,15,10,14,1,14
3074,2,1,2,9,2,22,27
3076,1,1,12,14,1,1,1
3078,1,1,1,14,1,1,27
3079,1,1,15,6,14,10,28
3080,1,1,12,17,1,13,28
3081,1,1,1,12,1,13,27
3082,1,1,9,5,1,23,28
3083,1,1,1,8,1,3,14
3084,1,1,1,5,1,22,14
3086,1,1,14,17,1,22,27
3087,1,1,1,9,1,13,10
3088,5,1,12,12,3,22,28
3089,1,1,12,17,1,22,27
3090,1,1,1,10,1,22,27
3092,1,1,1,3,1,23,14
3093,1,1,14,12,1,17,28
3094,1,1,8,11,1,13,14
3095,1,1,1,10,1,13,28
3096,1,1,12,3,1,23,28
3097,1,1,8,15,1,23,14
3099,1,1,8,3,1,13,27
3100,1,1,1,12,1,23,14
3101,1,1,8,9,1,1,1
3102,1,1,12,14,1,22,27
3103,1,14,1,2,1,22,27
3104,1,1,8,10,1,13,14
3105,2,1,12,6,1,13,14
3106,1,1,1,12,1,1,28
3107,1,1,1,12,1,1,14
3109,1,1,1,9,1,1,28
3110,1,1,13,2,1,1,1
3111,1,1,8,12,1,4,4
3112,1,1,8,11,1,1,1
3114,1,1,1,15,1,1,14
3115,1,1,1,10,1,13,28
3116,1,1,1,12,1,22,27
3117,1,1,1,15,1,13,14
3118,1,1,8,11,1,13,14
3120,2,1,1,17,2,22,27
3121,1,1,1,13,1,22,28
3123,1,1,1,12,1,23,28
3124,1,1,8,12,1,13,27
3125,1,1,14,10,1,19,24
3127,1,1,9,9,1,13,14
3128,1,1,1,9,1,1,27
3129,1,1,1,15,1,1,28
3130,1,1,8,10,1,3,1
3131,1,1,1,12,1,23,28
3132,1,1,1,8,1,3,1
3135,1,1,1,2,1,1,30
3136,1,1,1,6,1,23,27
3137,1,1,12,6,3,2,3
3138,1,1,1,15,1,13,14
3140,1,1,12,6,1,13,1
3141,1,1,8,9,1,1,14
3142,1,1,1,9,1,23,28
3143,1,1,8,12,1,22,27
3144,1,1,1,10,1,22,28
3145,2,1,14,17,1,22,27
3146,1,1,1,10,1,3,1
3149,4,1,12,14,1,22,27
3151,1,1,1,2,1,3,1
3152,1,1,8,15,1,2,1
3153,1,1,1,2,1,3,3
3156,1,1,14,4,1,1,28
3157,1,1,1,9,1,13,14
3160,1,1,1,2,1,23,14
3161,1,14,1,11,1,1,1
3162,1,1,1,12,1,13,28
3163,1,1,1,10,1,1,28
3164,1,1,1,6,1,13,27
3165,1,1,1,6,1,1,1
3166,1,1,8,16,1,3,1
3167,1,1,12,17,1,13,28
3168,1,1,1,11,1,1,1
3169,1,1,1,12,1,1,27
3170,1,1,8,9,1,1,27
3171,1,1,9,16,1,1,3
3172,1,1,8,11,1,10,28
3173,1,1,12,13,1,23,14
3175,2,1,12,1,1,23,1
3176,1,1,1,12,1,13,14
3177,1,1,1,14,1,23,28
3178,1,1,1,12,1,3,14
3180,1,1,8,5,1,3,3
3181,1,1,12,8,12,13,3
3182,1,3,14,3,1,19,24
3184,1,1,1,6,1,1,28
3185,1,1,8,7,1,13,1
3186,1,1,12,8,8,10,26
3187,1,1,1,12,1,13,14
3188,1,1,8,9,1,13,28
3189,1,1,1,2,1,22,27
3190,1,1,12,4,1,13,14
3191,1,1,1,14,1,13,27
3193,1,1,13,5,1,3,2
3195,1,1,8,15,1,1,1
3197,1,1,1,9,1,1,14
3198,1,1,4,11,3,13,14
3199,1,1,1,12,1,1,1
3200,2,1,12,10,16,13,28
3201,1,1,1,15,1,1,3
3203,1,1,8,15,1,3,3
3204,1,1,8,15,1,23,1
3205,1,1,12,17,1,22,27
3206,1,1,1,9,1,5,1
3207,1,1,1,15,1,2,3
3208,1,1,1,10,1,1,28
3209,1,1,9,5,1,23,14
3210,1,1,4,4,3,3,3
3212,1,1,1,11,1,3,2
3213,1,1,15,4,14,3,14
3214,1,1,1,5,1,3,3
3215,1,1,1,11,1,3,1
3216,1,1,8,11,1,3,3
3217,1,1,1,7,1,22,27
3219,1,1,12,17,1,1,27
3220,1,1,8,14,1,22,27
3221,1,1,12,13,1,22,28
3222,1,1,1,14,1,13,28
3223,1,1,8,17,1,23,3
3224,1,1,12,9,9,13,27
3225,2,1,14,12,1,22,27
3226,1,1,1,6,1,13,28
3228,1,1,1,12,1,23,28
3229,1,1,1,12,1,23,28
3230,1,1,12,12,1,23,1
3232,1,1,1,15,1,13,28
3233,1,1,8,6,1,22,28
3234,1,1,1,12,1,1,1
3235,1,1,1,12,1,22,27
3236,1,1,8,6,1,1,14
3238,1,1,8,12,1,1,1
3239,1,1,1,10,1,3,1
3241,2,1,14,10,9,22,27
3242,1,1,12,3,12,22,27
3243,1,1,1,12,1,22,14
3244,1,1,8,16,1,23,28
3245,1,1,14,15,1,1,1
3246,1,1,8,15,1,2,3
3247,1,1,8,6,1,1,28
3248,1,1,8,9,1,22,28
3249,1,1,1,5,1,23,27
3250,1,1,4,13,2,22,27
3251,1,1,8,9,1,23,27
3252,1,1,14,8,6,1,20
3253,1,1,15,8,14,1,3
3254,1,14,6,6,1,3,3
3255,1,1,8,14,1,1,12
3256,1,1,1,12,1,23,28
3257,2,1,12,4,12,22,14
3258,1,1,15,9,14,13,1
3259,1,1,8,12,1,22,27
3260,1,1,1,6,1,2,1
3261,1,1,1,9,1,1,28
3262,1,1,12,3,1,10,5
3263,1,1,1,6,1,22,1
3264,1,1,1,16,1,13,14
3265,1,1,8,10,1,1,28
3266,1,1,8,14,1,3,1
3268,2,1,12,12,1,22,28
3269,1,1,14,15,1,19,24
3270,2,1,1,11,1,22,27
3271,2,1,12,3,1,23,28
3272,4,1,13,9,1,22,27
3274,1,1,12,4,12,22,27
3275,5,1,4,9,15,22,27
3276,1,1,16,1,1,13,14
3277,1,1,1,9,1,23,28
3278,1,8,14,9,1,3,27
3279,4,1,12,3,1,22,27
3280,1,14,8,13,1,1,1
3281,2,1,4,3,3,20,25
3283,1,1,1,11,1,23,26
3285,4,1,14,17,1,22,27
3286,1,1,4,13,17,23,14
3287,1,1,8,14,1,23,14
3288,1,1,12,17,1,1,27
3289,1,1,12,4,12,22,27
3290,1,1,1,10,1,1,1
3291,1,1,12,4,1,22,27
3292,1,1,1,10,1,22,27
3295,1,1,8,3,1,13,1
3297,1,1,12,12,1,13,14
3298,1,1,8,10,1,1,28
3299,1,1,1,12,1,23,14
3300,1,1,1,2,1,13,14
3301,1,1,8,12,1,13,1
3302,1,1,8,12,1,22,27
3303,1,1,1,6,1,23,27
3304,1,1,15,3,14,1,27
3305,1,1,1,15,1,1,1
3306,2,1,14,11,3,23,27
3307,1,1,4,3,3,13,27
3308,1,1,1,12,1,13,14
3309,2,1,12,12,1,13,14
3310,2,1,12,3,1,13,14
3311,1,1,1,6,1,25,30
3314,1,1,14,17,1,3,14
3315,2,1,1,17,1,22,14
3316,1,1,4,7,3,13,14
3317,1,1,1,2,1,1,1
3318,1,1,14,17,1,22,27
3319,1,1,7,5,1,1,1
3320,1,1,1,15,1,1,27
3321,1,1,1,9,1,23,27
3322,1,1,8,9,1,13,1
3323,1,1,8,7,1,3,1
3324,1,1,12,2,1,10,3
3326,2,1,14,17,1,22,27
3327,1,1,12,8,14,1,3
3330,1,1,1,10,1,1,14
3331,1,1,14,11,1,10,14
3332,1,1,8,7,1,1,1
3333,1,1,12,14,12,19,24
3334,1,1,1,15,1,23,28
3336,1,1,15,4,14,13,14
3337,1,1,14,14,1,19,24
3338,1,1,12,6,1,22,26
3340,1,1,1,15,1,19,1
3342,1,1,1,5,1,3,14
3344,1,1,12,6,1,25,1
3345,1,1,1,11,1,22,28
3346,1,1,12,12,1,22,27
3347,1,1,12,9,9,22,27
3348,1,1,12,4,1,23,27
3349,1,1,16,14,12,2,1
3351,2,1,15,4,14,22,27
3352,1,1,12,7,1,1,10
3353,1,1,1,15,1,23,1
3354,1,1,1,12,1,23,27
3355,2,1,12,4,12,23,14
3357,1,1,14,4,1,3,3
3358,4,1,12,12,1,1,14
3360,1,1,8,14,1,1,1
3361,1,1,1,15,1,13,1
3362,1,1,1,9,1,1,1
3363,1,1,4,9,2,3,27
3364,1,1,8,16,1,19,24
3365,1,1,1,10,1,19,27
3367,1,1,1,12,1,13,28
3369,1,1,8,11,1,1,1
3370,1,1,4,9,3,22,27
3371,1,1,1,12,1,22,1
3372,1,1,8,11,1,1,14
3373,1,1,8,9,1,22,27
3374,1,1,1,10,1,13,28
3375,1,1,15,4,14,23,28
3376,1,1,8,6,1,13,27
3377,1,1,1,16,1,23,28
3379,1,1,1,12,1,13,14
3380,1,1,12,12,1,13,14
3381,1,1,10,9,2,19,24
3382,1,1,8,10,1,22,28
3383,4,1,4,9,3,13,1
3385,1,1,1,10,1,13,28
3386,1,1,1,12,1,3,1
3387,1,1,8,6,1,23,28
3388,1,1,1,2,1,1,1
3390,1,1,8,16,1,23,28
3391,1,1,13,12,1,13,14
3392,1,1,1,5,1,1,1
3393,1,1,1,9,1,22,28
3395,1,1,17,6,16,13,27
3397,1,1,1,12,1,22,27
3398,2,1,1,12,1,1,14
3399,1,1,8,5,1,23,14
3400,1,1,1,10,1,23,28
3402,1,1,1,15,1,13,28
3403,1,1,8,12,1,13,14
3405,1,1,8,2,1,3,3
3407,1,1,1,12,1,1,14
3408,1,1,1,12,1,1,1
3409,1,1,1,15,1,13,28
3411,1,1,8,12,1,23,27
3413,1,1,1,12,1,1,14
3414,1,1,8,12,1,1,14
3417,1,1,1,11,1,23,14
3418,1,1,1,16,1,23,27
3419,1,1,8,10,1,13,28
3420,1,1,1,12,1,1,1
3421,1,1,15,6,14,22,28
3422,1,1,8,10,1,1,28
3423,2,1,12,17,3,3,1
3424,1,1,1,6,1,7,14
3425,2,1,14,9,1,22,27
3427,1,1,1,10,1,13,1
3428,1,1,14,3,1,22,27
3429,2,1,4,9,3,22,27
3430,1,1,16,5,1,13,14
3431,1,1,1,12,1,1,1
3432,1,1,1,15,1,23,28
3433,1,1,8,12,1,13,27
3434,1,1,1,15,1,1,28
3435,1,1,1,5,1,1,1
3436,1,1,1,15,1,1,28
3438,1,1,12,13,12,22,27
3439,1,1,8,13,1,22,28
3442,1,1,8,11,1,22,14
3443,1,1,1,15,1,1,14
3444,1,1,1,5,1,1,14
3445,1,1,1,12,1,13,1
3446,1,1,7,6,1,3,3
3447,1,1,1,2,1,1,14
3448,1,1,1,15,1,13,27
3449,1,1,1,12,1,3,3
3452,1,1,13,12,1,1,1
3453,1,1,1,12,1,22,28
3454,1,1,8,9,1,22,27
3455,1,1,1,10,1,13,1
3456,1,1,4,10,3,22,27
3457,1,1,15,4,14,22,28
3458,1,1,8,10,1,4,3
3459,4,1,14,17,9,22,27
3460,1,1,1,12,1,23,27
3462,1,1,4,6,3,22,27
3464,1,1,8,5,1,3,1
3465,2,1,12,9,1,22,27
3467,1,1,8,16,1,13,14
3470,1,1,1,12,1,23,14
3471,2,1,12,3,12,23,14
3472,4,1,12,3,12,22,27
3473,2,1,1,9,1,19,24
3474,1,1,1,7,1,23,14
3475,1,1,8,6,1,23,28
3476,1,1,7,4,1,1,27
3477,1,1,14,17,1,22,27
3479,1,1,1,11,1,23,27
3480,1,1,1,12,1,22,27
3481,1,1,8,2,1,22,27
3482,1,1,15,4,14,22,27
3483,2,1,12,12,1,22,27
3484,1,1,12,12,1,22,27
3485,2,1,12,14,1,13,28
3486,1,1,1,12,1,13,1
3487,1,1,1,14,1,1,1
3488,1,1,12,8,1,1,1
3489,1,1,1,10,1,1,1
3490,1,1,1,2,1,22,27
3491,2,1,14,17,1,22,27
3492,2,1,12,17,12,23,28
3493,1,1,4,7,3,22,27
3494,1,1,8,14,1,22,28
3495,1,1,1,4,1,23,14
3496,2,1,12,17,1,22,27
3497,2,1,14,17,1,22,27
3498,1,1,1,15,1,23,28
3500,1,1,1,9,1,1,14
3501,1,1,12,5,1,22,27
3502,1,1,6,14,1,22,10
3503,1,1,15,4,14,1,3
3504,1,1,1,14,1,1,1
3505,1,1,8,9,1,22,27
3506,1,1,8,11,1,22,27
3507,1,1,1,14,1,1,1
3509,1,1,15,5,14,1,1
3510,1,1,8,12,1,1,1
3512,1,1,1,2,1,13,14
3513,4,1,12,14,12,22,27
3514,1,1,12,14,1,9,9
3516,1,1,8,2,1,3,10
3517,1,1,1,7,1,23,28
3518,2,1,13,11,1,2,2
3519,1,1,14,17,1,22,27
3520,1,1,14,17,4,3,3
3521,1,1,8,2,1,22,27
3522,1,1,1,14,1,1,1
3525,1,1,15,4,14,13,28
3526,2,1,12,4,1,1,3
3527,1,1,14,12,1,2,4
3528,1,1,9,7,1,1,14
3530,1,1,1,14,1,3,1
3532,1,1,1,9,1,1,28
3533,2,1,12,11,12,19,24
3534,1,1,12,17,1,19,24
3535,1,1,16,17,14,1,4
3536,1,1,12,17,1,22,27
3537,1,1,12,9,12,23,14
3538,1,1,8,11,1,13,27
3539,1,1,1,5,1,1,14
3540,1,1,8,7,1,1,3
3541,1,1,8,14,1,23,27
3545,1,1,8,12,1,13,27
3546,1,1,8,12,1,13,28
3547,2,1,14,8,7,19,24
3548,1,1,12,14,1,22,27
3549,1,1,1,12,1,2,14
3551,1,1,12,10,12,22,27
3552,1,1,14,9,1,22,27
3553,1,1,15,7,14,13,27
3555,1,1,15,6,14,23,28
3557,1,1,12,4,1,1,1
3559,1,1,1,14,1,2,1
3561,1,1,8,15,1,1,27
3562,1,1,12,8,12,19,24
3563,1,1,15,7,14,3,28
3564,1,1,15,7,14,13,3
3565,2,1,12,17,1,1,3
3566,2,1,14,5,2,22,27
3567,1,1,1,7,1,13,14
3568,1,1,8,7,1,1,14
3569,1,1,12,6,12,3,1
3570,1,1,8,5,1,1,14
3571,1,1,8,7,1,1,28
3572,1,1,14,17,9,10,10
3574,1,1,1,11,1,1,28
3575,1,1,1,8,1,4,3
3576,1,1,8,9,1,1,1
3577,1,1,13,12,1,13,14
3578,1,1,8,6,1,1,3
3579,1,1,1,14,1,3,27
3580,1,1,15,4,14,13,1
3581,2,1,1,13,1,13,14
3582,1,1,12,17,1,23,27
3584,1,1,12,3,1,3,14
3585,1,1,12,1,1,13,27
3586,1,1,4,2,3,1,2
3587,1,1,14,5,1,1,2
3588,1,1,9,15,1,23,27
3589,1,1,4,17,15,1,3
3592,1,1,4,14,3,16,27
3593,1,1,1,15,1,13,28
3595,1,1,15,4,14,13,28
3597,1,1,7,10,1,13,28
3598,1,1,7,15,1,22,27
3599,1,1,14,9,1,4,14
3600,1,1,9,2,1,1,4
3601,1,1,8,15,1,2,1
3602,1,1,1,15,1,13,14
3604,1,1,8,15,1,13,1
3605,1,1,1,15,1,3,1
3606,1,1,15,5,14,1,1
3608,1,1,8,7,1,13,1
3611,1,1,8,14,1,1,1
3612,1,1,15,6,14,13,27
3613,1,1,1,7,1,1,10
3615,1,1,8,14,1,13,1
3617,1,1,1,10,1,13,28
3618,1,1,8,15,1,1,1
3619,1,1,8,10,1,13,27
3620,1,14,6,6,1,22,27
3621,1,1,1,12,1,1,14
3622,1,1,1,10,1,13,27
3623,1,1,9,3,1,3,14
3624,1,1,1,9,1,3,14
3626,1,1,8,3,1,19,24
3628,1,1,1,2,1,3,27
3629,1,1,1,14,1,13,14
3630,1,1,1,12,1,13,1
3631,1,1,1,15,1,23,14
3633,1,1,12,11,1,22,27
3634,1,1,1,6,1,3,28
3635,1,1,13,12,6,22,1
3636,1,1,1,15,1,3,14
3638,2,1,1,12,1,23,28
3639,1,1,1,14,1,1,14
3640,1,1,1,15,1,13,28
3641,1,1,1,11,1,22,27
3642,1,1,8,3,1,13,1
3643,1,1,8,6,1,1,27
3644,1,1,1,10,1,23,27
3645,1,1,8,10,1,26,1
3647,1,1,8,10,1,22,27
3648,1,1,1,12,1,13,28
3649,5,1,12,16,12,22,27
3650,1,1,14,5,1,1,28
3652,1,1,8,13,1,23,27
3654,1,1,1,15,1,1,14
3655,1,1,15,10,14,1,1
3656,1,1,1,6,1,1,14
3657,1,1,1,12,1,22,3
3658,1,1,1,17,1,13,27
3660,1,1,1,10,1,13,1
3661,1,1,1,15,1,3,3
3662,1,1,1,6,1,23,28
3663,1,1,8,12,1,23,27
3664,1,1,1,12,1,10,27
3666,2,1,13,5,1,22,17
3667,1,1,13,9,1,19,24
3668,1,14,1,10,1,13,14
3669,1,1,13,12,1,3,3
3670,1,1,1,2,1,1,3
3671,1,6,8,6,1,22,27
3672,1,1,15,6,14,13,27
3673,1,1,12,3,12,13,14
3674,1,1,1,5,1,1,1
3675,1,1,8,5,1,23,14
3676,1,10,14,10,1,22,14
3677,1,1,1,15,1,13,28
3678,1,1,8,14,1,1,14
3679,1,1,3,16,1,13,14
3680,1,1,1,2,1,22,28
3682,1,1,12,17,1,22,27
3683,1,1,9,2,1,13,2
3684,2,1,12,9,1,22,27
3685,1,1,14,4,1,1,1
3686,1,1,1,9,1,19,24
3687,1,1,1,9,1,13,28
3688,5,1,12,10,1,13,28
3690,1,1,8,9,1,13,1
3691,1,1,8,7,1,13,1
3692,1,1,12,14,1,23,27
3693,1,1,8,7,1,13,27
3694,1,1,8,2,1,1,1
3695,1,1,12,17,12,13,27
3696,1,1,14,11,1,22,27
3698,1,1,1,12,1,23,28
3699,1,1,1,6,1,3,1
3702,1,1,1,9,1,1,1
3703,1,1,12,7,1,22,27
3704,1,1,9,14,1,22,28
3705,1,1,16,9,1,1,14
3706,1,1,1,9,1,23,1
3707,1,1,8,2,1,22,27
3708,1,1,8,5,1,1,1
3709,1,1,8,14,1,1,14
3710,1,1,8,6,1,23,28
3711,1,1,15,2,14,13,28
3712,1,1,12,9,1,1,14
3713,1,1,14,1,1,22,27
3714,1,1,12,14,9,22,1
3716,1,1,15,8,14,4,4
3717,1,1,1,2,1,22,27
3718,1,1,14,9,1,1,28
3719,1,1,8,14,1,13,27
3721,5,1,4,5,3,22,27
3722,1,1,12,4,9,13,1
3723,1,1,8,7,1,1,1
3724,1,1,1,14,1,1,1
3725,1,1,15,4,14,1,1
3726,1,1,14,17,1,22,27
3727,1,1,8,14,1,23,1
3728,1,1,16,3,2,13,28
3729,1,1,1,4,1,23,28
3730,1,1,14,12,1,1,28
3731,1,1,16,5,1,23,28
3732,1,1,1,2,1,4,3
3733,2,1,12,10,1,22,27
3734,1,1,14,9,1,13,1
3735,1,1,1,12,1,23,27
3738,1,1,8,7,1,3,1
3739,1,1,8,7,1,22,27
3740,1,1,16,14,1,3,1
3742,1,1,8,14,1,13,28
3744,1,1,8,16,1,10,1
3745,1,1,1,2,1,3,1
3746,1,1,1,12,1,1,1
3747,1,1,14,8,1,24,3
3748,1,1,1,12,1,1,14
3749,1,1,1,5,1,3,14
3750,1,1,8,12,1,23,28
3751,1,1,1,5,1,3,1
3752,1,1,1,15,1,1,1
3753,1,1,14,12,6,22,27
3754,1,1,12,6,12,13,27
3755,1,1,9,12,1,3,1
3756,1,1,12,3,1,22,27
3757,1,1,1,12,1,1,3
3759,1,1,8,17,1,23,27
3760,1,1,2,9,1,22,27
3761,1,1,4,10,3,1,1
3762,1,1,1,6,1,13,28
3763,1,1,1,10,1,1,14
3764,1,1,8,10,1,13,28
3765,1,1,1,12,1,22,28
3766,1,1,9,5,1,23,27
3767,1,1,8,15,1,22,1
3769,1,1,1,15,1,1,1
3770,1,1,15,8,14,1,14
3771,1,1,15,4,14,1,1
3772,1,1,1,10,1,1,28
3773,1,1,12,6,12,22,27
3774,1,1,1,10,1,1,14
3775,1,1,1,6,1,22,27
3776,1,1,15,4,14,3,1
3777,1,1,1,5,1,13,2
3780,1,1,9,12,1,3,3
3781,1,1,1,5,1,1,28
3782,1,1,8,16,1,1,14
3784,1,1,4,3,15,22,14
3786,1,14,8,2,1,1,1
3787,1,1,1,10,1,23,28
3789,1,1,8,10,1,1,34
3790,1,1,1,12,1,13,14
3791,1,1,15,8,14,3,1
3792,1,1,9,7,1,13,1
3793,1,1,8,15,1,13,28
3794,1,1,8,7,1,13,14
3795,1,1,1,7,1,4,28
3796,1,1,1,11,1,1,14
3797,1,1,14,14,1,3,14
3798,1,1,1,14,1,13,28
3799,2,1,12,6,9,1,29
3800,1,1,8,16,1,19,14
3801,1,1,9,12,1,22,27
3802,4,1,14,3,1,23,27
3803,1,1,14,3,8,19,24
3804,1,1,1,9,1,1,14
3805,2,1,14,17,1,22,27
3806,1,1,1,5,1,19,27
3807,1,1,12,3,12,19,24
3808,4,1,11,5,2,19,24
3809,2,1,12,3,1,19,24
3811,1,1,12,3,1,22,27
3812,1,1,14,10,1,22,27
3813,1,1,4,3,17,13,14
3814,1,1,14,10,1,11,12
3816,1,1,1,10,1,13,14
3817,1,1,8,4,1,23,27
3818,1,1,8,10,1,13,27
3819,1,1,12,11,1,3,14
3821,1,1,12,4,1,1,28
3822,1,1,8,15,1,22,27
3823,1,1,15,8,14,23,14
3825,1,1,1,2,1,1,28
3826,1,1,12,11,12,22,27
3827,1,1,15,4,14,22,27
3828,1,1,1,7,1,10,1
3829,1,1,1,6,1,23,28
3830,1,1,1,12,1,1,1
3833,1,1,1,10,1,23,14
3834,1,1,1,15,1,1,14
3835,2,1,12,4,1,2,2
3836,1,1,14,15,1,1,3
3837,1,1,8,9,1,3,28
3838,1,1,1,9,1,23,1
3839,1,1,1,2,1,22,27
3842,1,1,12,4,12,3,1
3843,1,1,7,9,1,22,27
3844,1,1,1,8,1,6,9
3845,1,1,12,6,9,19,24
3846,1,1,14,15,1,22,28
3847,1,1,8,15,1,1,23
3848,1,1,12,4,1,22,27
3849,1,1,1,15,1,13,28
3850,1,1,14,17,1,22,14
3851,4,1,12,15,9,22,27
3852,1,1,14,4,1,22,27
3853,2,1,1,4,1,22,27
3854,1,1,12,10,1,22,20
3855,1,1,1,15,1,3,10
3856,1,1,12,11,1,22,27
3857,1,1,12,17,12,23,14
3858,1,1,1,14,1,23,14
3859,1,1,14,17,1,22,14
3860,1,1,12,4,12,22,14
3861,1,1,9,15,1,23,28
3862,1,1,1,15,1,13,28
3863,1,1,1,10,1,23,14
3864,1,1,14,6,1,3,14
3865,1,1,8,15,1,1,1
3866,1,1,1,12,1,22,27
3867,1,1,8,12,1,13,14
3868,1,1,15,4,14,1,14
3869,1,1,12,6,1,1,1
3870,1,1,8,14,1,1,27
3871,1,1,1,9,1,23,28
3872,1,1,14,12,6,1,14
3873,1,1,1,5,1,13,14
3874,1,1,12,8,1,1,1
3875,1,1,14,12,12,19,24
3876,1,1,8,12,1,1,1
3877,1,10,9,12,1,1,1
3878,1,1,14,12,6,23,27
3879,2,1,12,17,1,22,27
3880,1,1,8,15,1,13,10
3881,1,1,1,11,1,1,14
3882,1,1,1,14,1,22,28
3883,1,1,1,10,1,22,27
3884,1,1,4,12,3,1,27
3885,1,1,9,10,1,23,28
3888,1,1,8,6,1,23,28
3889,1,1,1,13,1,1,28
3892,1,1,1,9,1,1,1
3893,4,1,12,6,1,22,27
3895,1,1,1,12,1,23,27
3897,1,1,8,12,1,23,1
3898,2,1,12,11,1,22,27
3900,1,1,1,12,1,22,28
3903,2,1,12,9,1,23,27
3904,1,1,9,12,1,23,27
3905,4,1,12,11,1,22,27
3906,1,1,1,12,1,22,27
3908,2,1,12,10,1,23,28
3909,1,1,12,7,1,22,27
3911,2,1,15,3,14,22,14
3912,1,1,1,11,1,1,14
3913,1,1,1,14,1,15,21
3914,2,1,14,17,3,22,14
3915,1,1,1,9,1,22,27
3916,1,1,8,3,1,23,27
3917,1,1,1,16,1,13,10
3919,1,1,8,12,1,1,1
3920,1,1,1,10,1,23,1
3921,1,1,8,12,1,23,14
3922,1,1,1,10,1,13,14
3923,4,1,12,3,1,22,27
3926,1,1,8,12,1,13,1
3927,1,1,1,15,1,23,27
3928,1,1,1,2,1,13,27
3930,1,2,1,15,1,1,1
3931,1,1,1,8,1,3,1
3932,1,1,4,17,15,13,14
3934,1,1,9,14,1,23,28
3936,1,1,1,8,1,22,27
3938,1,1,1,12,1,13,1
3939,1,1,1,12,1,3,1
3941,1,1,12,16,12,13,4
3942,1,1,8,10,1,3,3
3943,5,1,12,9,1,1,1
3944,5,1,12,4,1,1,1
3945,1,1,8,15,1,22,27
3946,1,1,8,2,1,3,1
3947,1,1,8,13,1,23,27
3948,2,1,12,14,1,22,14
3949,1,1,14,9,1,1,14
3950,1,1,9,6,1,22,27
3951,1,1,4,9,3,6,19
3952,1,1,1,12,1,1,14
3953,1,1,1,6,1,22,9
3954,1,1,1,15,1,3,2
3955,1,1,12,12,12,1,14
3956,1,1,1,9,1,23,14
3957,1,1,8,6,1,22,28
3958,1,1,8,12,1,13,14
3959,1,1,1,6,1,23,27
3960,1,1,12,6,1,22,27
3961,1,1,13,12,1,22,1
3962,1,1,8,12,1,22,27
3963,1,1,1,2,1,13,28
3964,1,1,8,10,1,13,14
3965,1,1,1,12,1,13,14
3966,1,1,15,4,14,13,14
3968,1,1,15,6,14,3,14
3969,1,1,15,17,14,22,27
3970,1,1,1,5,1,22,27
3971,1,1,1,12,1,13,28
3972,1,1,12,17,1,22,27
3973,1,1,14,12,1,1,14
3974,1,1,14,6,1,13,28
3975,1,1,8,12,1,22,27
3976,1,1,1,12,1,13,14
3977,1,1,8,12,1,22,1
3978,1,1,1,16,1,13,14
3980,1,1,8,10,1,1,28
3981,1,1,1,6,1,25,4
3982,1,1,8,12,1,1,14
3983,1,1,8,10,1,23,28
3984,1,1,12,4,1,23,28
3985,1,1,8,5,1,22,28
3986,1,1,1,15,1,22,27
3987,1,1,1,12,1,1,1
3988,1,1,1,6,1,13,27
3989,1,1,14,10,1,23,14
3990,1,14,6,16,1,28,1
3991,1,1,1,16,1,13,27
3992,1,1,8,10,1,23,14
3993,1,9,1,15,1,22,27
3994,1,1,1,2,1,3,1
3995,2,1,12,17,1,22,27
3996,1,1,1,16,1,1,1
3997,4,1,12,13,12,13,14
3998,4,1,4,12,15,13,14
3999,1,1,8,12,1,1,28
4000,2,1,12,7,1,19,24
4001,1,1,13,7,1,3,3
4002,2,1,12,11,12,13,14
4003,1,1,1,12,1,22,27
4004,1,1,1,5,1,22,27
4005,2,1,12,6,1,22,27
4006,1,1,15,4,14,22,27
4007,1,1,12,4,1,1,27
4008,1,1,9,16,1,23,27
4009,1,1,8,11,1,23,1
4010,1,1,12,13,12,22,27
4012,2,14,12,14,1,22,14
4013,1,1,16,12,1,22,28
4014,1,1,8,12,1,13,28
4015,4,1,12,17,1,22,27
4016,1,1,8,11,1,13,1
4017,4,1,12,3,1,22,27
4018,1,1,8,11,1,23,28
4019,1,1,1,12,1,1,1
4020,1,1,1,14,1,3,1
4021,1,1,1,3,1,3,1
4022,1,1,9,9,1,13,14
4023,1,1,4,12,3,13,3
4026,1,1,12,4,1,22,27
4027,1,1,1,12,1,13,28
4028,1,1,1,5,1,1,28
4029,4,1,4,12,3,3,14
4030,1,1,8,8,1,23,27
4032,1,1,1,12,1,2,14
4033,1,1,1,2,1,3,3
4034,2,1,12,3,12,19,24
4035,2,1,4,8,2,13,14
4036,1,1,12,14,1,1,14
4038,1,1,1,6,1,1,14
4039,1,1,1,16,1,3,14
4040,1,1,1,6,1,3,1
4041,1,1,8,10,1,23,1
4042,1,1,1,15,1,13,14
4044,1,1,8,10,1,23,28
4045,1,1,1,12,1,13,28
4046,1,1,1,11,1,13,1
4047,2,1,1,12,1,1,1
4048,1,1,1,12,1,23,27
4049,1,1,17,13,16,1,14
4050,1,1,1,8,1,19,1
4051,1,1,8,11,1,23,14
4052,1,1,1,11,1,22,27
4054,1,1,1,15,1,22,27
4055,1,1,12,6,1,3,14
4056,1,1,1,6,1,1,1
4058,1,1,1,6,1,1,3
4059,1,1,1,15,1,13,14
4060,1,1,3,8,1,5,33
4061,1,1,14,8,1,2,1
4062,1,1,17,6,16,1,14
4063,1,1,12,17,1,1,27
4066,1,1,1,13,1,13,28
4067,2,1,4,3,3,23,1
4068,1,1,1,14,1,1,1
4069,1,1,8,10,1,2,3
4070,1,1,9,12,1,3,3
4071,1,1,1,11,1,1,28
4073,1,1,8,10,1,13,14
4074,1,1,9,12,1,23,27
4075,1,1,8,6,1,13,28
4076,1,1,1,12,1,13,28
4077,1,1,1,5,1,19,1
4078,2,1,12,17,1,23,14
4080,1,1,1,2,1,22,27
4083,1,1,4,17,3,3,14
4084,2,1,12,9,1,1,14
4085,1,1,15,8,14,1,27
4086,1,1,12,3,12,22,27
4089,2,1,14,3,10,19,24
4090,2,1,12,3,1,19,24
4091,1,1,14,17,1,22,28
4092,1,1,1,12,1,1,1
4093,1,1,1,15,1,22,28
4094,2,1,4,10,3,22,14
4095,1,1,1,12,1,23,27
4096,4,1,12,3,12,22,27
4097,1,1,14,17,3,22,27
4098,1,1,8,13,1,22,27
4099,1,1,9,10,1,23,24
4101,1,1,1,5,1,22,27
4102,1,1,8,6,1,22,27
4104,1,1,1,10,1,22,28
4105,1,1,1,9,1,23,14
4106,1,1,8,15,1,1,28
4107,1,1,1,12,1,22,14
4108,1,1,8,12,1,22,28
4109,1,1,1,10,1,1,14
4110,1,1,1,12,1,23,14
4111,1,1,1,12,1,13,27
4112,4,1,12,12,1,23,27
4113,4,1,12,13,1,23,27
4114,1,1,8,15,1,2,1
4117,1,1,1,12,1,1,27
4118,1,1,1,6,1,2,1
4119,1,1,8,16,1,1,28
4120,1,1,8,12,1,13,1
4121,1,1,4,6,15,1,1
4122,1,1,8,10,1,13,14
4123,1,3,1,12,1,22,27
4127,1,1,1,3,1,23,28
4128,1,1,8,6,1,23,28
4129,1,1,1,12,1,22,27
4130,1,1,1,12,1,22,27
4131,1,1,12,12,1,13,1
4134,1,1,1,10,1,19,28
4135,1,1,1,3,1,23,28
4136,5,1,14,12,1,1,28
4137,2,1,12,11,1,22,27
4138,1,1,8,16,1,22,27
4139,1,1,8,10,1,23,14
4140,4,1,4,10,15,19,24
4141,1,1,4,5,3,3,5
4142,1,1,14,3,9,19,24
4145,1,1,1,10,1,13,1
4146,2,1,12,12,12,22,28
4149,1,1,14,12,1,23,27
4150,1,1,1,15,1,19,18
4151,1,1,12,4,1,22,27
4152,1,1,1,6,1,8,14
4154,1,1,1,16,1,22,14
4155,1,1,1,6,1,3,14
4157,1,1,1,8,1,3,1
4158,1,1,1,12,1,3,27
4159,1,1,1,14,1,13,14
4160,1,1,15,17,14,22,27
4162,4,16,14,16,1,13,16
4163,1,1,8,10,1,13,28
4164,1,1,14,2,1,22,28
4165,1,1,1,12,1,13,14
4167,1,1,8,5,1,13,28
4168,1,1,1,15,1,19,28
4169,1,1,1,15,1,22,27
4173,1,1,1,12,1,22,27
4174,1,1,1,10,1,22,27
4175,1,1,14,12,1,23,14
4176,1,1,1,11,1,13,1
4178,1,1,1,12,1,13,28
4179,1,1,8,12,1,3,14
4181,1,1,14,16,1,22,27
4182,1,1,12,13,1,29,30
4183,1,1,1,6,1,23,28
4184,1,1,1,10,1,23,28
4187,2,1,12,3,1,22,28
4188,1,1,1,14,1,22,1
4189,1,1,13,11,1,23,27
4190,1,1,14,17,14,22,27
4193,1,1,8,11,1,1,4
4194,1,1,1,9,1,23,28
4195,1,1,1,11,1,22,27
4196,1,1,1,12,1,13,27
4197,1,1,8,15,1,1,1
4199,1,1,1,12,1,23,28
4200,1,1,1,9,1,22,27
4201,1,1,8,3,1,22,27
4203,1,1,1,5,1,13,28
4204,1,1,1,10,1,19,28
4205,1,1,1,12,1,1,27
4206,1,1,1,11,1,13,14
4207,1,1,1,12,1,23,27
4208,1,1,1,2,1,1,28
4209,1,18,1,9,1,22,27
4210,1,1,1,11,1,13,1
4211,1,1,1,10,1,13,27
4212,1,1,8,15,1,1,1
4213,1,1,1,10,1,13,27
4214,1,1,1,12,1,23,27
4215,1,1,1,2,1,13,27
4216,1,1,1,15,1,1,27
4217,1,1,1,15,1,1,2
4219,1,1,7,10,1,22,27
4220,1,1,1,14,1,19,28
4221,1,1,1,10,1,22,27
4222,1,1,1,10,1,13,1
4223,1,1,8,11,1,13,28
4224,1,1,14,12,1,23,14
4225,1,1,15,10,14,23,14
4226,1,1,8,3,1,13,1
4227,1,1,1,10,1,23,1
4229,2,1,12,6,1,21,26
4230,2,1,14,12,1,3,3
4232,1,1,14,14,1,1,28
4233,1,1,1,12,1,23,28
4236,1,1,14,15,1,23,14
4238,1,1,1,6,1,23,14
4239,1,1,12,6,15,3,2
4240,1,1,16,6,1,1,1
4241,1,1,1,12,1,22,27
4242,1,1,8,10,1,13,28
4244,1,1,1,2,1,3,3
4245,1,1,9,16,1,13,27
4246,2,1,14,17,1,23,14
4247,2,1,12,3,12,22,27
4248,2,1,12,12,3,1,1
4249,2,1,14,17,3,22,27
4250,4,1,12,12,12,22,27
4251,1,1,1,9,1,7,16
4252,2,1,1,17,1,13,14
4253,1,1,9,16,1,13,27
4254,1,1,1,14,1,22,27
4255,1,1,4,3,4,2,3
4256,1,1,12,12,1,1,14
4258,1,1,1,12,1,13,14
4259,1,1,1,15,1,22,14
4260,1,1,12,4,1,22,27
4261,2,1,14,17,2,22,27
4262,1,1,8,9,1,1,27
4263,2,1,12,17,9,22,1
4264,1,1,15,4,14,22,14
4265,1,1,8,15,1,1,14
4267,1,1,1,11,1,1,1
4268,1,1,1,17,1,5,1
4270,1,1,8,5,1,22,28
4271,1,1,8,7,1,1,3
4272,1,1,1,12,1,1,14
4276,5,1,12,9,1,1,14
4277,1,1,8,7,1,13,27
4278,1,1,1,15,1,1,1
4279,1,1,8,11,1,13,1
4280,1,1,12,17,1,13,27
4282,1,1,9,9,1,22,27
4283,1,1,12,9,12,23,14
4286,1,1,1,6,1,22,14
4287,1,1,15,6,14,1,1
4288,1,1,15,4,14,1,3
4289,1,1,1,10,1,13,1
4290,1,1,1,2,1,1,10
4291,1,1,1,2,1,1,28
4292,2,1,12,12,3,1,1
4293,1,1,1,11,1,13,14
4294,1,1,12,4,1,23,27
4296,1,1,15,5,14,1,28
4297,1,1,1,15,1,23,27
4298,1,1,12,17,14,13,14
4299,1,1,8,9,1,23,28
4300,1,1,15,4,14,1,27
4301,1,1,14,2,14,23,27
4302,1,1,8,9,1,22,27
4303,1,1,8,15,1,1,1
4304,1,1,1,9,1,13,1
4305,1,1,1,9,1,13,3
4306,1,1,13,9,1,13,1
4307,1,1,12,2,1,19,24
4308,1,1,15,2,14,1,1
4309,1,1,1,15,1,1,14
4310,1,1,15,6,14,23,27
4312,1,1,4,17,3,13,14
4313,1,1,14,16,1,2,29
4314,1,1,8,7,1,22,27
4315,1,1,1,11,1,1,3
4316,1,1,1,5,1,28,3
4317,1,1,8,14,1,1,14
4318,1,14,1,2,1,1,1
4319,1,1,8,15,1,13,28
4322,1,7,1,15,1,1,1
4323,1,1,12,17,12,22,27
4324,1,1,1,12,1,13,14
4325,2,1,4,3,3,13,28
4326,1,1,12,3,14,13,27
4327,2,1,12,9,9,22,27
4328,2,1,14,16,1,23,22
4329,1,1,8,10,1,22,1
4330,1,1,1,10,1,1,27
4331,1,1,8,2,1,22,14
4332,1,1,1,10,1,22,1
4333,1,1,1,10,1,13,28
4334,1,1,1,11,1,23,14
4337,1,1,1,6,1,1,14
4339,1,1,13,12,1,3,27
4340,1,1,8,6,1,2,3
4341,1,1,8,12,1,13,27
4342,1,1,12,14,1,19,24
4344,1,1,8,10,1,23,27
4345,1,1,1,15,1,1,14
4346,1,1,8,11,1,10,14
4347,1,1,8,9,1,1,1
4348,1,1,1,12,1,3,1
4349,1,1,1,12,1,23,14
4350,1,1,15,6,14,3,1
4351,1,1,1,5,1,1,1
4352,1,1,1,16,1,23,28
4353,1,1,1,2,1,3,1
4355,1,1,1,6,1,4,14
4356,1,1,12,6,12,22,27
4357,1,1,12,3,1,13,27
4358,1,1,14,11,1,22,27
4359,1,1,1,10,1,1,14
4360,1,1,8,12,1,13,27
4361,1,1,8,12,1,3,3
4362,1,1,1,6,1,1,28
4363,1,1,8,16,1,19,24
4365,1,1,1,2,1,23,28
4366,1,1,1,14,1,3,14
4367,1,1,8,6,1,13,14
4368,1,1,12,17,1,22,27
4370,1,1,1,2,1,1,3
4371,1,1,1,12,1,23,14
4372,1,1,12,4,1,10,10
4374,5,1,4,12,15,22,27
4375,1,1,14,17,1,22,27
4376,1,1,8,12,1,23,1
4377,2,1,14,17,1,22,27
4378,2,1,12,16,12,22,27
4379,1,1,12,17,1,22,27
4380,1,1,4,12,2,23,27
4382,1,1,1,12,1,1,1
4383,1,1,12,3,1,22,27
4384,2,1,1,10,1,22,24
4385,1,1,1,10,1,13,14
4386,1,1,8,14,1,22,28
4387,2,1,1,17,1,22,27
4388,2,1,14,9,2,22,27
4389,1,1,1,10,1,13,14
4390,1,1,12,6,1,23,28
4393,1,1,12,17,1,23,28
4394,1,1,1,12,1,23,1
4395,1,1,8,15,1,19,24
4396,1,1,1,15,1,13,27
4398,1,1,12,9,1,23,28
4399,1,1,1,11,1,22,14
4400,2,1,12,17,1,22,27
4401,1,1,4,6,3,13,27
4403,1,1,8,12,1,1,1
4404,2,1,12,8,12,2,1
4405,1,1,1,12,1,22,27
4407,1,1,1,15,1,1,14
4408,2,1,12,15,1,22,27
4409,2,1,14,17,1,22,27
4410,1,1,1,5,1,22,14
4411,1,1,15,8,14,22,27
4414,1,1,1,8,1,3,28
4415,4,1,12,12,12,22,27
4416,1,1,14,12,1,23,28
4417,1,1,1,5,1,1,1
4418,1,1,15,5,14,3,28
4419,1,1,1,15,1,1,1
4420,1,19,1,15,1,1,1
4421,1,1,1,12,1,22,27
4422,1,1,1,9,1,22,27
4423,1,9,5,15,1,23,27
